{
    "threshold": 0.20303030303030303,
    "f_beta": 2.0,
    "fn_cost": 5.0,
    "fp_cost": 1.0,
    "selection_on_validation": {
        "tn": 40,
        "fp": 45,
        "fn": 3,
        "tp": 28,
        "recall": 0.9032258064516129,
        "precision": 0.3835616438356164,
        "specificity": 0.47058823529411764,
        "npv": 0.9302325581395349,
        "f_beta": 0.7106598984771573,
        "expected_cost": 60.0,
        "threshold": 0.20303030303030303,
        "meets_recall_constraint": true
    }
}