{
    "selected_threshold": 0.20303030303030303,
    "roc_auc": 0.739766081871345,
    "average_precision": 0.5031239105484897,
    "log_loss": 0.5112983274300171,
    "tn": 48,
    "fp": 60,
    "fn": 4,
    "tp": 34,
    "recall": 0.8947368421052632,
    "precision": 0.3617021276595745,
    "specificity": 0.4444444444444444,
    "npv": 0.9230769230769231,
    "f_beta": 0.6910569105691057,
    "expected_cost": 80.0,
    "threshold_selection": {
        "tn": 40,
        "fp": 45,
        "fn": 3,
        "tp": 28,
        "recall": 0.9032258064516129,
        "precision": 0.3835616438356164,
        "specificity": 0.47058823529411764,
        "npv": 0.9302325581395349,
        "f_beta": 0.7106598984771573,
        "expected_cost": 60.0,
        "threshold": 0.20303030303030303,
        "meets_recall_constraint": true
    },
    "accuracy": 0.5616438356164384,
    "confusion_matrix": [
        [
            48,
            60
        ],
        [
            4,
            34
        ]
    ],
    "classification_report": {
        "False": {
            "precision": 0.9230769230769231,
            "recall": 0.4444444444444444,
            "f1-score": 0.6,
            "support": 108.0
        },
        "True": {
            "precision": 0.3617021276595745,
            "recall": 0.8947368421052632,
            "f1-score": 0.5151515151515151,
            "support": 38.0
        },
        "accuracy": 0.5616438356164384,
        "macro avg": {
            "precision": 0.6423895253682488,
            "recall": 0.6695906432748537,
            "f1-score": 0.5575757575757576,
            "support": 146.0
        },
        "weighted avg": {
            "precision": 0.7769656749545995,
            "recall": 0.5616438356164384,
            "f1-score": 0.5779161477791614,
            "support": 146.0
        }
    }
}