{
    "threshold": 0.19313131313131313,
    "f_beta": 2.0,
    "fn_cost": 1.0,
    "fp_cost": 5.0,
    "selection_on_validation": {
        "tn": 51,
        "fp": 34,
        "fn": 6,
        "tp": 25,
        "recall": 0.8064516129032258,
        "precision": 0.423728813559322,
        "specificity": 0.6,
        "npv": 0.8947368421052632,
        "f_beta": 0.6830601092896172,
        "expected_cost": 176.0,
        "threshold": 0.19313131313131313,
        "meets_recall_constraint": true
    }
}