{
    "selected_threshold": 0.3317171717171717,
    "roc_auc": 0.7668128654970761,
    "average_precision": 0.47530699426731615,
    "log_loss": 0.5086442317944253,
    "tn": 73,
    "fp": 35,
    "fn": 10,
    "tp": 28,
    "recall": 0.7368421052631579,
    "precision": 0.4444444444444444,
    "specificity": 0.6759259259259259,
    "npv": 0.8795180722891566,
    "f_beta": 0.6511627906976744,
    "expected_cost": 185.0,
    "threshold_selection": {
        "tn": 64,
        "fp": 21,
        "fn": 6,
        "tp": 25,
        "recall": 0.8064516129032258,
        "precision": 0.5434782608695652,
        "specificity": 0.7529411764705882,
        "npv": 0.9142857142857143,
        "f_beta": 0.7352941176470589,
        "expected_cost": 111.0,
        "threshold": 0.3317171717171717,
        "meets_recall_constraint": true
    },
    "accuracy": 0.6917808219178082,
    "confusion_matrix": [
        [
            73,
            35
        ],
        [
            10,
            28
        ]
    ],
    "classification_report": {
        "False": {
            "precision": 0.8795180722891566,
            "recall": 0.6759259259259259,
            "f1-score": 0.7643979057591623,
            "support": 108.0
        },
        "True": {
            "precision": 0.4444444444444444,
            "recall": 0.7368421052631579,
            "f1-score": 0.5544554455445545,
            "support": 38.0
        },
        "accuracy": 0.6917808219178082,
        "macro avg": {
            "precision": 0.6619812583668006,
            "recall": 0.7063840155945419,
            "f1-score": 0.6594266756518584,
            "support": 146.0
        },
        "weighted avg": {
            "precision": 0.7662797307953274,
            "recall": 0.6917808219178082,
            "f1-score": 0.7097553476211138,
            "support": 146.0
        }
    }
}