{
    "selected_threshold": 0.19313131313131313,
    "roc_auc": 0.8226120857699806,
    "average_precision": 0.6263860603034059,
    "log_loss": 0.46021237345952776,
    "tn": 47,
    "fp": 61,
    "fn": 2,
    "tp": 36,
    "recall": 0.9473684210526315,
    "precision": 0.3711340206185567,
    "specificity": 0.4351851851851852,
    "npv": 0.9591836734693877,
    "f_beta": 0.7228915662650602,
    "expected_cost": 307.0,
    "threshold_selection": {
        "tn": 51,
        "fp": 34,
        "fn": 6,
        "tp": 25,
        "recall": 0.8064516129032258,
        "precision": 0.423728813559322,
        "specificity": 0.6,
        "npv": 0.8947368421052632,
        "f_beta": 0.6830601092896172,
        "expected_cost": 176.0,
        "threshold": 0.19313131313131313,
        "meets_recall_constraint": true
    },
    "accuracy": 0.5684931506849316,
    "confusion_matrix": [
        [
            47,
            61
        ],
        [
            2,
            36
        ]
    ],
    "classification_report": {
        "False": {
            "precision": 0.9591836734693877,
            "recall": 0.4351851851851852,
            "f1-score": 0.5987261146496815,
            "support": 108.0
        },
        "True": {
            "precision": 0.3711340206185567,
            "recall": 0.9473684210526315,
            "f1-score": 0.5333333333333333,
            "support": 38.0
        },
        "accuracy": 0.5684931506849316,
        "macro avg": {
            "precision": 0.6651588470439722,
            "recall": 0.6912768031189084,
            "f1-score": 0.5660297239915074,
            "support": 146.0
        },
        "weighted avg": {
            "precision": 0.8061296542342399,
            "recall": 0.5684931506849316,
            "f1-score": 0.5817060756769333,
            "support": 146.0
        }
    }
}