{
    "threshold": 0.0198989898989899,
    "f_beta": 2.0,
    "fn_cost": 5.0,
    "fp_cost": 1.0,
    "selection_on_validation": {
        "tn": 30,
        "fp": 69,
        "fn": 2,
        "tp": 15,
        "recall": 0.8823529411764706,
        "precision": 0.17857142857142858,
        "specificity": 0.30303030303030304,
        "npv": 0.9375,
        "f_beta": 0.4934210526315789,
        "expected_cost": 79.0,
        "threshold": 0.0198989898989899,
        "meets_recall_constraint": false
    }
}