{
    "selected_threshold": 0.03474747474747475,
    "roc_auc": 0.5942028985507246,
    "average_precision": 0.09648989752980111,
    "log_loss": 0.4086455467749309,
    "tn": 39,
    "fp": 99,
    "fn": 2,
    "tp": 6,
    "recall": 0.75,
    "precision": 0.05714285714285714,
    "specificity": 0.2826086956521739,
    "npv": 0.9512195121951219,
    "f_beta": 0.218978102189781,
    "expected_cost": 109.0,
    "threshold_selection": {
        "tn": 30,
        "fp": 80,
        "fn": 2,
        "tp": 4,
        "recall": 0.6666666666666666,
        "precision": 0.047619047619047616,
        "specificity": 0.2727272727272727,
        "npv": 0.9375,
        "f_beta": 0.18518518518518517,
        "expected_cost": 90.0,
        "threshold": 0.03474747474747475,
        "meets_recall_constraint": false
    },
    "accuracy": 0.3082191780821918,
    "confusion_matrix": [
        [
            39,
            99
        ],
        [
            2,
            6
        ]
    ],
    "classification_report": {
        "False": {
            "precision": 0.9512195121951219,
            "recall": 0.2826086956521739,
            "f1-score": 0.43575418994413406,
            "support": 138.0
        },
        "True": {
            "precision": 0.05714285714285714,
            "recall": 0.75,
            "f1-score": 0.10619469026548672,
            "support": 8.0
        },
        "accuracy": 0.3082191780821918,
        "macro avg": {
            "precision": 0.5041811846689895,
            "recall": 0.5163043478260869,
            "f1-score": 0.2709744401048104,
            "support": 146.0
        },
        "weighted avg": {
            "precision": 0.9022290105484224,
            "recall": 0.3082191780821918,
            "f1-score": 0.4176961351672219,
            "support": 146.0
        }
    }
}