{
    "accuracy": 0.863013698630137,
    "confusion_matrix": [
        [
            126,
            1
        ],
        [
            19,
            0
        ]
    ],
    "classification_report": {
        "False": {
            "precision": 0.8689655172413793,
            "recall": 0.9921259842519685,
            "f1-score": 0.9264705882352942,
            "support": 127.0
        },
        "True": {
            "precision": 0.0,
            "recall": 0.0,
            "f1-score": 0.0,
            "support": 19.0
        },
        "accuracy": 0.863013698630137,
        "macro avg": {
            "precision": 0.43448275862068964,
            "recall": 0.49606299212598426,
            "f1-score": 0.4632352941176471,
            "support": 146.0
        },
        "weighted avg": {
            "precision": 0.7558809636277751,
            "recall": 0.863013698630137,
            "f1-score": 0.8059024979854956,
            "support": 146.0
        }
    },
    "roc_auc": 0.7235806050559469,
    "average_precision": 0.23840213266914684,
    "log_loss": 0.3641238235517611
}