{
    "threshold": 0.01,
    "f_beta": 2.0,
    "fn_cost": 1.0,
    "fp_cost": 5.0,
    "selection_on_validation": {
        "tn": 66,
        "fp": 33,
        "fn": 6,
        "tp": 11,
        "recall": 0.6470588235294118,
        "precision": 0.25,
        "specificity": 0.6666666666666666,
        "npv": 0.9166666666666666,
        "f_beta": 0.4910714285714286,
        "expected_cost": 171.0,
        "threshold": 0.01,
        "meets_recall_constraint": false
    }
}