{
    "threshold": 0.02484848484848485,
    "f_beta": 2.0,
    "fn_cost": 1.0,
    "fp_cost": 5.0,
    "selection_on_validation": {
        "tn": 64,
        "fp": 35,
        "fn": 7,
        "tp": 10,
        "recall": 0.5882352941176471,
        "precision": 0.2222222222222222,
        "specificity": 0.6464646464646465,
        "npv": 0.9014084507042254,
        "f_beta": 0.44247787610619466,
        "expected_cost": 182.0,
        "threshold": 0.02484848484848485,
        "meets_recall_constraint": false
    }
}