{
    "selected_threshold": 0.02484848484848485,
    "roc_auc": 0.6044538706256629,
    "average_precision": 0.36948356372327634,
    "log_loss": 0.683356099946097,
    "tn": 67,
    "fp": 56,
    "fn": 10,
    "tp": 13,
    "recall": 0.5652173913043478,
    "precision": 0.18840579710144928,
    "specificity": 0.5447154471544715,
    "npv": 0.8701298701298701,
    "f_beta": 0.40372670807453404,
    "expected_cost": 290.0,
    "threshold_selection": {
        "tn": 64,
        "fp": 35,
        "fn": 7,
        "tp": 10,
        "recall": 0.5882352941176471,
        "precision": 0.2222222222222222,
        "specificity": 0.6464646464646465,
        "npv": 0.9014084507042254,
        "f_beta": 0.44247787610619466,
        "expected_cost": 182.0,
        "threshold": 0.02484848484848485,
        "meets_recall_constraint": false
    },
    "accuracy": 0.547945205479452,
    "confusion_matrix": [
        [
            67,
            56
        ],
        [
            10,
            13
        ]
    ],
    "classification_report": {
        "False": {
            "precision": 0.8701298701298701,
            "recall": 0.5447154471544715,
            "f1-score": 0.67,
            "support": 123.0
        },
        "True": {
            "precision": 0.18840579710144928,
            "recall": 0.5652173913043478,
            "f1-score": 0.2826086956521739,
            "support": 23.0
        },
        "accuracy": 0.547945205479452,
        "macro avg": {
            "precision": 0.5292678336156597,
            "recall": 0.5549664192294097,
            "f1-score": 0.476304347826087,
            "support": 146.0
        },
        "weighted avg": {
            "precision": 0.7627349819130641,
            "recall": 0.547945205479452,
            "f1-score": 0.6089726027397261,
            "support": 146.0
        }
    }
}