{
    "threshold": 0.25747474747474747,
    "f_beta": 2.0,
    "fn_cost": 1.0,
    "fp_cost": 5.0,
    "selection_on_validation": {
        "tn": 93,
        "fp": 14,
        "fn": 1,
        "tp": 8,
        "recall": 0.8888888888888888,
        "precision": 0.36363636363636365,
        "specificity": 0.8691588785046729,
        "npv": 0.9893617021276596,
        "f_beta": 0.689655172413793,
        "expected_cost": 71.0,
        "threshold": 0.25747474747474747,
        "meets_recall_constraint": true
    }
}