{
    "threshold": 0.30696969696969695,
    "f_beta": 2.0,
    "fn_cost": 1.0,
    "fp_cost": 5.0,
    "selection_on_validation": {
        "tn": 97,
        "fp": 10,
        "fn": 1,
        "tp": 8,
        "recall": 0.8888888888888888,
        "precision": 0.4444444444444444,
        "specificity": 0.9065420560747663,
        "npv": 0.9897959183673469,
        "f_beta": 0.7407407407407407,
        "expected_cost": 51.0,
        "threshold": 0.30696969696969695,
        "meets_recall_constraint": true
    }
}