{
    "selected_threshold": 0.25747474747474747,
    "roc_auc": 0.7733112308329879,
    "average_precision": 0.2849534765561321,
    "log_loss": 0.3434006647768758,
    "tn": 97,
    "fp": 30,
    "fn": 9,
    "tp": 10,
    "recall": 0.5263157894736842,
    "precision": 0.25,
    "specificity": 0.7637795275590551,
    "npv": 0.9150943396226415,
    "f_beta": 0.43103448275862066,
    "expected_cost": 159.0,
    "threshold_selection": {
        "tn": 93,
        "fp": 14,
        "fn": 1,
        "tp": 8,
        "recall": 0.8888888888888888,
        "precision": 0.36363636363636365,
        "specificity": 0.8691588785046729,
        "npv": 0.9893617021276596,
        "f_beta": 0.689655172413793,
        "expected_cost": 71.0,
        "threshold": 0.25747474747474747,
        "meets_recall_constraint": true
    },
    "accuracy": 0.7328767123287672,
    "confusion_matrix": [
        [
            97,
            30
        ],
        [
            9,
            10
        ]
    ],
    "classification_report": {
        "False": {
            "precision": 0.9150943396226415,
            "recall": 0.7637795275590551,
            "f1-score": 0.8326180257510729,
            "support": 127.0
        },
        "True": {
            "precision": 0.25,
            "recall": 0.5263157894736842,
            "f1-score": 0.3389830508474576,
            "support": 19.0
        },
        "accuracy": 0.7328767123287672,
        "macro avg": {
            "precision": 0.5825471698113207,
            "recall": 0.6450476585163696,
            "f1-score": 0.5858005382992653,
            "support": 146.0
        },
        "weighted avg": {
            "precision": 0.8285409666580512,
            "recall": 0.7328767123287672,
            "f1-score": 0.768377857784164,
            "support": 146.0
        }
    }
}