{
    "selected_threshold": 0.30696969696969695,
    "roc_auc": 0.7650227932034812,
    "average_precision": 0.2651822834222546,
    "log_loss": 0.3511476507923571,
    "tn": 103,
    "fp": 24,
    "fn": 12,
    "tp": 7,
    "recall": 0.3684210526315789,
    "precision": 0.22580645161290322,
    "specificity": 0.8110236220472441,
    "npv": 0.8956521739130435,
    "f_beta": 0.32710280373831774,
    "expected_cost": 132.0,
    "threshold_selection": {
        "tn": 97,
        "fp": 10,
        "fn": 1,
        "tp": 8,
        "recall": 0.8888888888888888,
        "precision": 0.4444444444444444,
        "specificity": 0.9065420560747663,
        "npv": 0.9897959183673469,
        "f_beta": 0.7407407407407407,
        "expected_cost": 51.0,
        "threshold": 0.30696969696969695,
        "meets_recall_constraint": true
    },
    "accuracy": 0.7534246575342466,
    "confusion_matrix": [
        [
            103,
            24
        ],
        [
            12,
            7
        ]
    ],
    "classification_report": {
        "False": {
            "precision": 0.8956521739130435,
            "recall": 0.8110236220472441,
            "f1-score": 0.8512396694214877,
            "support": 127.0
        },
        "True": {
            "precision": 0.22580645161290322,
            "recall": 0.3684210526315789,
            "f1-score": 0.28,
            "support": 19.0
        },
        "accuracy": 0.7534246575342466,
        "macro avg": {
            "precision": 0.5607293127629733,
            "recall": 0.5897223373394115,
            "f1-score": 0.5656198347107438,
            "support": 146.0
        },
        "weighted avg": {
            "precision": 0.808480470326039,
            "recall": 0.7534246575342466,
            "f1-score": 0.7769002603871844,
            "support": 146.0
        }
    }
}