{
    "hgb": {
        "status": "ok",
        "metric_name": "precision@recall>=0.90",
        "metric_value": 0.4583333333333333,
        "failed_trials": 0,
        "threshold": 0.08,
        "tn": 35,
        "fp": 39,
        "fn": 2,
        "tp": 33,
        "recall": 0.9428571428571428,
        "precision": 0.4583333333333333,
        "specificity": 0.47297297297297297,
        "npv": 0.9459459459459459,
        "f_beta": 0.7783018867924528,
        "cost": 49.0,
        "meets_recall_constraint": true,
        "auc_roc": 0.7293436293436294
    },
    "rf": {
        "status": "ok",
        "metric_name": "precision@recall>=0.90",
        "metric_value": 0.48484848484848486,
        "failed_trials": 0,
        "threshold": 0.27,
        "tn": 40,
        "fp": 34,
        "fn": 3,
        "tp": 32,
        "recall": 0.9142857142857143,
        "precision": 0.48484848484848486,
        "specificity": 0.5405405405405406,
        "npv": 0.9302325581395349,
        "f_beta": 0.7766990291262136,
        "cost": 49.0,
        "meets_recall_constraint": true,
        "auc_roc": 0.7691119691119691
    },
    "lr": {
        "status": "ok",
        "metric_name": "precision@recall>=0.90",
        "metric_value": 0.5161290322580645,
        "failed_trials": 0,
        "threshold": 0.485,
        "tn": 44,
        "fp": 30,
        "fn": 3,
        "tp": 32,
        "recall": 0.9142857142857143,
        "precision": 0.5161290322580645,
        "specificity": 0.5945945945945946,
        "npv": 0.9361702127659575,
        "f_beta": 0.7920792079207921,
        "cost": 45.0,
        "meets_recall_constraint": true,
        "auc_roc": 0.8305019305019306
    },
    "ridge": {
        "status": "invalid_for_task"
    },
    "svc": {
        "status": "ok",
        "metric_name": "precision@recall>=0.90",
        "metric_value": 0.5,
        "failed_trials": 0,
        "threshold": 0.18,
        "tn": 42,
        "fp": 32,
        "fn": 3,
        "tp": 32,
        "recall": 0.9142857142857143,
        "precision": 0.5,
        "specificity": 0.5675675675675675,
        "npv": 0.9333333333333333,
        "f_beta": 0.7843137254901961,
        "cost": 47.0,
        "meets_recall_constraint": true,
        "auc_roc": 0.8200772200772201
    },
    "torch_mlp": {
        "status": "ok",
        "metric_name": "precision@recall>=0.90",
        "metric_value": 0.5517241379310345,
        "failed_trials": 0,
        "threshold": 0.325,
        "tn": 48,
        "fp": 26,
        "fn": 3,
        "tp": 32,
        "recall": 0.9142857142857143,
        "precision": 0.5517241379310345,
        "specificity": 0.6486486486486487,
        "npv": 0.9411764705882353,
        "f_beta": 0.8080808080808082,
        "cost": 41.0,
        "meets_recall_constraint": true,
        "auc_roc": 0.8567567567567568
    }
}