model,status,fit_seconds,selected_threshold,roc_auc,average_precision,log_loss,tn,fp,fn,tp,recall,precision,specificity,npv,f_beta,expected_cost,accuracy
hgb,ok,0.285,0.01,0.5480072463768115,0.129701303462971,0.34811668674095875,16,122,2,6,0.75,0.046875,0.11594202898550725,0.8888888888888888,0.1875,132.0,0.1506849315068493
lr,ok,0.007,0.02484848484848485,0.5670289855072463,0.11706778858244044,0.5252006644350624,41,97,2,6,0.75,0.05825242718446602,0.2971014492753623,0.9534883720930233,0.2222222222222222,107.0,0.3219178082191781
rf,ok,0.132,0.07434343434343434,0.5172101449275361,0.12871308412388976,0.24498405519290778,48,90,2,6,0.75,0.0625,0.34782608695652173,0.96,0.234375,100.0,0.3698630136986301
svc,ok,0.025,0.039696969696969696,0.45018115942028986,0.08744139847285703,0.22017295736768192,6,132,0,8,1.0,0.05714285714285714,0.043478260869565216,1.0,0.2325581395348837,132.0,0.0958904109589041
torch_mlp,ok,0.831,0.01,0.5507246376811594,0.13095093347076944,0.40940838183599737,22,116,1,7,0.875,0.056910569105691054,0.15942028985507245,0.9565217391304348,0.22580645161290322,121.0,0.19863013698630136
