{
    "threshold": 0.049595959595959596,
    "f_beta": 2.0,
    "fn_cost": 1.0,
    "fp_cost": 5.0,
    "selection_on_validation": {
        "tn": 1,
        "fp": 109,
        "fn": 0,
        "tp": 6,
        "recall": 1.0,
        "precision": 0.05217391304347826,
        "specificity": 0.00909090909090909,
        "npv": 1.0,
        "f_beta": 0.21582733812949642,
        "expected_cost": 545.0,
        "threshold": 0.049595959595959596,
        "meets_recall_constraint": true
    }
}