{
    "selected_threshold": 0.049595959595959596,
    "roc_auc": 0.7228260869565217,
    "average_precision": 0.2850936372823649,
    "log_loss": 0.20471990223291878,
    "tn": 2,
    "fp": 136,
    "fn": 0,
    "tp": 8,
    "recall": 1.0,
    "precision": 0.05555555555555555,
    "specificity": 0.014492753623188406,
    "npv": 1.0,
    "f_beta": 0.22727272727272727,
    "expected_cost": 680.0,
    "threshold_selection": {
        "tn": 1,
        "fp": 109,
        "fn": 0,
        "tp": 6,
        "recall": 1.0,
        "precision": 0.05217391304347826,
        "specificity": 0.00909090909090909,
        "npv": 1.0,
        "f_beta": 0.21582733812949642,
        "expected_cost": 545.0,
        "threshold": 0.049595959595959596,
        "meets_recall_constraint": true
    },
    "accuracy": 0.0684931506849315,
    "confusion_matrix": [
        [
            2,
            136
        ],
        [
            0,
            8
        ]
    ],
    "classification_report": {
        "False": {
            "precision": 1.0,
            "recall": 0.014492753623188406,
            "f1-score": 0.02857142857142857,
            "support": 138.0
        },
        "True": {
            "precision": 0.05555555555555555,
            "recall": 1.0,
            "f1-score": 0.10526315789473684,
            "support": 8.0
        },
        "accuracy": 0.0684931506849315,
        "macro avg": {
            "precision": 0.5277777777777778,
            "recall": 0.5072463768115942,
            "f1-score": 0.06691729323308271,
            "support": 146.0
        },
        "weighted avg": {
            "precision": 0.9482496194824963,
            "recall": 0.0684931506849315,
            "f1-score": 0.032773715109692035,
            "support": 146.0
        }
    }
}