{
    "threshold": 0.10404040404040403,
    "f_beta": 2.0,
    "fn_cost": 1.0,
    "fp_cost": 5.0,
    "selection_on_validation": {
        "tn": 38,
        "fp": 61,
        "fn": 0,
        "tp": 17,
        "recall": 1.0,
        "precision": 0.21794871794871795,
        "specificity": 0.3838383838383838,
        "npv": 1.0,
        "f_beta": 0.5821917808219179,
        "expected_cost": 305.0,
        "threshold": 0.10404040404040403,
        "meets_recall_constraint": true
    }
}