{
    "selected_threshold": 0.10404040404040403,
    "roc_auc": 0.7044892188052315,
    "average_precision": 0.3902532830387279,
    "log_loss": 0.4259949281108258,
    "tn": 21,
    "fp": 102,
    "fn": 3,
    "tp": 20,
    "recall": 0.8695652173913043,
    "precision": 0.16393442622950818,
    "specificity": 0.17073170731707318,
    "npv": 0.875,
    "f_beta": 0.46728971962616817,
    "expected_cost": 513.0,
    "threshold_selection": {
        "tn": 38,
        "fp": 61,
        "fn": 0,
        "tp": 17,
        "recall": 1.0,
        "precision": 0.21794871794871795,
        "specificity": 0.3838383838383838,
        "npv": 1.0,
        "f_beta": 0.5821917808219179,
        "expected_cost": 305.0,
        "threshold": 0.10404040404040403,
        "meets_recall_constraint": true
    },
    "accuracy": 0.2808219178082192,
    "confusion_matrix": [
        [
            21,
            102
        ],
        [
            3,
            20
        ]
    ],
    "classification_report": {
        "False": {
            "precision": 0.875,
            "recall": 0.17073170731707318,
            "f1-score": 0.2857142857142857,
            "support": 123.0
        },
        "True": {
            "precision": 0.16393442622950818,
            "recall": 0.8695652173913043,
            "f1-score": 0.27586206896551724,
            "support": 23.0
        },
        "accuracy": 0.2808219178082192,
        "macro avg": {
            "precision": 0.5194672131147541,
            "recall": 0.5201484623541888,
            "f1-score": 0.28078817733990147,
            "support": 146.0
        },
        "weighted avg": {
            "precision": 0.762982820570402,
            "recall": 0.2808219178082192,
            "f1-score": 0.2841622241716715,
            "support": 146.0
        }
    }
}