{
    "selected_threshold": 0.1386868686868687,
    "roc_auc": 0.7112053729232944,
    "average_precision": 0.3560186392545129,
    "log_loss": 0.41496727348205376,
    "tn": 32,
    "fp": 91,
    "fn": 3,
    "tp": 20,
    "recall": 0.8695652173913043,
    "precision": 0.18018018018018017,
    "specificity": 0.2601626016260163,
    "npv": 0.9142857142857143,
    "f_beta": 0.4926108374384236,
    "expected_cost": 458.0,
    "threshold_selection": {
        "tn": 40,
        "fp": 59,
        "fn": 2,
        "tp": 15,
        "recall": 0.8823529411764706,
        "precision": 0.20270270270270271,
        "specificity": 0.40404040404040403,
        "npv": 0.9523809523809523,
        "f_beta": 0.528169014084507,
        "expected_cost": 297.0,
        "threshold": 0.1386868686868687,
        "meets_recall_constraint": true
    },
    "accuracy": 0.3561643835616438,
    "confusion_matrix": [
        [
            32,
            91
        ],
        [
            3,
            20
        ]
    ],
    "classification_report": {
        "False": {
            "precision": 0.9142857142857143,
            "recall": 0.2601626016260163,
            "f1-score": 0.4050632911392405,
            "support": 123.0
        },
        "True": {
            "precision": 0.18018018018018017,
            "recall": 0.8695652173913043,
            "f1-score": 0.29850746268656714,
            "support": 23.0
        },
        "accuracy": 0.3561643835616438,
        "macro avg": {
            "precision": 0.5472329472329472,
            "recall": 0.5648639095086603,
            "f1-score": 0.3517853769129038,
            "support": 146.0
        },
        "weighted avg": {
            "precision": 0.7986389520636096,
            "recall": 0.3561643835616438,
            "f1-score": 0.3882770989857372,
            "support": 146.0
        }
    }
}