model,status,fit_seconds,selected_threshold,roc_auc,average_precision,log_loss,tn,fp,fn,tp,recall,precision,specificity,npv,f_beta,expected_cost,accuracy
hgb,ok,0.598,0.10404040404040403,0.642056530214425,0.3853531948557021,0.5588168244713563,21,87,1,37,0.9736842105263158,0.29838709677419356,0.19444444444444445,0.9545454545454546,0.6702898550724639,92.0,0.3972602739726027
lr,ok,0.034,0.16343434343434343,0.6956627680311891,0.4542306560563968,0.5975769645844184,31,77,3,35,0.9210526315789473,0.3125,0.28703703703703703,0.9117647058823529,0.662878787878788,92.0,0.4520547945205479
rf,ok,0.411,0.207979797979798,0.7314814814814814,0.41315449584328523,0.5216812892140864,34,74,2,36,0.9473684210526315,0.32727272727272727,0.3148148148148148,0.9444444444444444,0.6870229007633588,84.0,0.4794520547945205
svc,ok,0.136,0.19313131313131313,0.6466861598440545,0.4323334427933006,0.54496452139739,39,69,6,32,0.8421052631578947,0.31683168316831684,0.3611111111111111,0.8666666666666667,0.6324110671936759,99.0,0.4863013698630137
torch_mlp,ok,6.016,0.014949494949494949,0.6817738791423001,0.46380596902697047,0.9014937787348727,42,66,7,31,0.8157894736842105,0.31958762886597936,0.3888888888888889,0.8571428571428571,0.6224899598393574,101.0,0.5
