{
    "selected_threshold": 0.014949494949494949,
    "roc_auc": 0.713768115942029,
    "average_precision": 0.19754592846120267,
    "log_loss": 0.5631698819727724,
    "tn": 27,
    "fp": 111,
    "fn": 1,
    "tp": 7,
    "recall": 0.875,
    "precision": 0.059322033898305086,
    "specificity": 0.1956521739130435,
    "npv": 0.9642857142857143,
    "f_beta": 0.2333333333333333,
    "expected_cost": 556.0,
    "threshold_selection": {
        "tn": 27,
        "fp": 83,
        "fn": 0,
        "tp": 6,
        "recall": 1.0,
        "precision": 0.06741573033707865,
        "specificity": 0.24545454545454545,
        "npv": 1.0,
        "f_beta": 0.2654867256637168,
        "expected_cost": 415.0,
        "threshold": 0.014949494949494949,
        "meets_recall_constraint": true
    },
    "accuracy": 0.2328767123287671,
    "confusion_matrix": [
        [
            27,
            111
        ],
        [
            1,
            7
        ]
    ],
    "classification_report": {
        "False": {
            "precision": 0.9642857142857143,
            "recall": 0.1956521739130435,
            "f1-score": 0.3253012048192771,
            "support": 138.0
        },
        "True": {
            "precision": 0.059322033898305086,
            "recall": 0.875,
            "f1-score": 0.1111111111111111,
            "support": 8.0
        },
        "accuracy": 0.2328767123287671,
        "macro avg": {
            "precision": 0.5118038740920097,
            "recall": 0.5353260869565217,
            "f1-score": 0.2182061579651941,
            "support": 146.0
        },
        "weighted avg": {
            "precision": 0.9146986633055824,
            "recall": 0.2328767123287671,
            "f1-score": 0.3135647613284187,
            "support": 146.0
        }
    }
}