{
    "threshold": 0.01,
    "f_beta": 2.0,
    "fn_cost": 5.0,
    "fp_cost": 1.0,
    "selection_on_validation": {
        "tn": 15,
        "fp": 95,
        "fn": 1,
        "tp": 5,
        "recall": 0.8333333333333334,
        "precision": 0.05,
        "specificity": 0.13636363636363635,
        "npv": 0.9375,
        "f_beta": 0.20161290322580644,
        "expected_cost": 100.0,
        "threshold": 0.01,
        "meets_recall_constraint": false
    }
}