{
    "threshold": 0.014949494949494949,
    "f_beta": 2.0,
    "fn_cost": 5.0,
    "fp_cost": 1.0,
    "selection_on_validation": {
        "tn": 34,
        "fp": 51,
        "fn": 5,
        "tp": 26,
        "recall": 0.8387096774193549,
        "precision": 0.33766233766233766,
        "specificity": 0.4,
        "npv": 0.8717948717948718,
        "f_beta": 0.6467661691542288,
        "expected_cost": 76.0,
        "threshold": 0.014949494949494949,
        "meets_recall_constraint": false
    }
}