{
    "selected_threshold": 0.059494949494949496,
    "roc_auc": 0.5226449275362319,
    "average_precision": 0.09778922984000765,
    "log_loss": 0.21581568663718995,
    "tn": 14,
    "fp": 124,
    "fn": 1,
    "tp": 7,
    "recall": 0.875,
    "precision": 0.05343511450381679,
    "specificity": 0.10144927536231885,
    "npv": 0.9333333333333333,
    "f_beta": 0.2147239263803681,
    "expected_cost": 129.0,
    "threshold_selection": {
        "tn": 9,
        "fp": 101,
        "fn": 0,
        "tp": 6,
        "recall": 1.0,
        "precision": 0.056074766355140186,
        "specificity": 0.08181818181818182,
        "npv": 1.0,
        "f_beta": 0.22900763358778622,
        "expected_cost": 101.0,
        "threshold": 0.059494949494949496,
        "meets_recall_constraint": true
    },
    "accuracy": 0.14383561643835616,
    "confusion_matrix": [
        [
            14,
            124
        ],
        [
            1,
            7
        ]
    ],
    "classification_report": {
        "False": {
            "precision": 0.9333333333333333,
            "recall": 0.10144927536231885,
            "f1-score": 0.1830065359477124,
            "support": 138.0
        },
        "True": {
            "precision": 0.05343511450381679,
            "recall": 0.875,
            "f1-score": 0.10071942446043165,
            "support": 8.0
        },
        "accuracy": 0.14383561643835616,
        "macro avg": {
            "precision": 0.49338422391857506,
            "recall": 0.4882246376811594,
            "f1-score": 0.14186298020407204,
            "support": 146.0
        },
        "weighted avg": {
            "precision": 0.885119732301579,
            "recall": 0.14383561643835616,
            "f1-score": 0.17849765312649155,
            "support": 146.0
        }
    }
}