{
    "threshold": 0.059494949494949496,
    "f_beta": 2.0,
    "fn_cost": 5.0,
    "fp_cost": 1.0,
    "selection_on_validation": {
        "tn": 35,
        "fp": 64,
        "fn": 1,
        "tp": 16,
        "recall": 0.9411764705882353,
        "precision": 0.2,
        "specificity": 0.35353535353535354,
        "npv": 0.9722222222222222,
        "f_beta": 0.5405405405405406,
        "expected_cost": 69.0,
        "threshold": 0.059494949494949496,
        "meets_recall_constraint": true
    }
}