{
    "selected_threshold": 0.059494949494949496,
    "roc_auc": 0.6875220926122305,
    "average_precision": 0.3314843508039723,
    "log_loss": 0.43983613216220996,
    "tn": 45,
    "fp": 78,
    "fn": 3,
    "tp": 20,
    "recall": 0.8695652173913043,
    "precision": 0.20408163265306123,
    "specificity": 0.36585365853658536,
    "npv": 0.9375,
    "f_beta": 0.5263157894736842,
    "expected_cost": 93.0,
    "threshold_selection": {
        "tn": 35,
        "fp": 64,
        "fn": 1,
        "tp": 16,
        "recall": 0.9411764705882353,
        "precision": 0.2,
        "specificity": 0.35353535353535354,
        "npv": 0.9722222222222222,
        "f_beta": 0.5405405405405406,
        "expected_cost": 69.0,
        "threshold": 0.059494949494949496,
        "meets_recall_constraint": true
    },
    "accuracy": 0.4452054794520548,
    "confusion_matrix": [
        [
            45,
            78
        ],
        [
            3,
            20
        ]
    ],
    "classification_report": {
        "False": {
            "precision": 0.9375,
            "recall": 0.36585365853658536,
            "f1-score": 0.5263157894736842,
            "support": 123.0
        },
        "True": {
            "precision": 0.20408163265306123,
            "recall": 0.8695652173913043,
            "f1-score": 0.3305785123966942,
            "support": 23.0
        },
        "accuracy": 0.4452054794520548,
        "macro avg": {
            "precision": 0.5707908163265306,
            "recall": 0.6177094379639448,
            "f1-score": 0.4284471509351892,
            "support": 146.0
        },
        "weighted avg": {
            "precision": 0.8219614900754822,
            "recall": 0.4452054794520548,
            "f1-score": 0.49548046500265147,
            "support": 146.0
        }
    }
}