{
    "selected_threshold": 0.06444444444444444,
    "roc_auc": 0.6716154118062919,
    "average_precision": 0.3201813680212101,
    "log_loss": 0.4449164719947264,
    "tn": 54,
    "fp": 69,
    "fn": 5,
    "tp": 18,
    "recall": 0.782608695652174,
    "precision": 0.20689655172413793,
    "specificity": 0.43902439024390244,
    "npv": 0.9152542372881356,
    "f_beta": 0.5027932960893855,
    "expected_cost": 94.0,
    "threshold_selection": {
        "tn": 41,
        "fp": 58,
        "fn": 1,
        "tp": 16,
        "recall": 0.9411764705882353,
        "precision": 0.21621621621621623,
        "specificity": 0.41414141414141414,
        "npv": 0.9761904761904762,
        "f_beta": 0.5633802816901409,
        "expected_cost": 63.0,
        "threshold": 0.06444444444444444,
        "meets_recall_constraint": true
    },
    "accuracy": 0.4931506849315068,
    "confusion_matrix": [
        [
            54,
            69
        ],
        [
            5,
            18
        ]
    ],
    "classification_report": {
        "False": {
            "precision": 0.9152542372881356,
            "recall": 0.43902439024390244,
            "f1-score": 0.5934065934065934,
            "support": 123.0
        },
        "True": {
            "precision": 0.20689655172413793,
            "recall": 0.782608695652174,
            "f1-score": 0.32727272727272727,
            "support": 23.0
        },
        "accuracy": 0.4931506849315068,
        "macro avg": {
            "precision": 0.5610753945061367,
            "recall": 0.6108165429480382,
            "f1-score": 0.46033966033966034,
            "support": 146.0
        },
        "weighted avg": {
            "precision": 0.8036636429869579,
            "recall": 0.4931506849315068,
            "f1-score": 0.5514813953170118,
            "support": 146.0
        }
    }
}