{
    "threshold": 0.06939393939393938,
    "f_beta": 2.0,
    "fn_cost": 5.0,
    "fp_cost": 1.0,
    "selection_on_validation": {
        "tn": 12,
        "fp": 98,
        "fn": 0,
        "tp": 6,
        "recall": 1.0,
        "precision": 0.057692307692307696,
        "specificity": 0.10909090909090909,
        "npv": 1.0,
        "f_beta": 0.234375,
        "expected_cost": 98.0,
        "threshold": 0.06939393939393938,
        "meets_recall_constraint": true
    }
}