{
    "accuracy": 0.8698630136986302,
    "confusion_matrix": [
        [
            127,
            0
        ],
        [
            19,
            0
        ]
    ],
    "classification_report": {
        "False": {
            "precision": 0.8698630136986302,
            "recall": 1.0,
            "f1-score": 0.9304029304029304,
            "support": 127.0
        },
        "True": {
            "precision": 0.0,
            "recall": 0.0,
            "f1-score": 0.0,
            "support": 19.0
        },
        "accuracy": 0.8698630136986302,
        "macro avg": {
            "precision": 0.4349315068493151,
            "recall": 0.5,
            "f1-score": 0.4652014652014652,
            "support": 146.0
        },
        "weighted avg": {
            "precision": 0.7566616626008632,
            "recall": 0.8698630136986302,
            "f1-score": 0.8093230969943299,
            "support": 146.0
        }
    },
    "roc_auc": 0.7716535433070866,
    "average_precision": 0.25921122494177506,
    "log_loss": 0.3396446754167706
}