{
    "selected_threshold": 0.07434343434343434,
    "roc_auc": 0.5172101449275361,
    "average_precision": 0.12871308412388976,
    "log_loss": 0.24498405519290778,
    "tn": 48,
    "fp": 90,
    "fn": 2,
    "tp": 6,
    "recall": 0.75,
    "precision": 0.0625,
    "specificity": 0.34782608695652173,
    "npv": 0.96,
    "f_beta": 0.234375,
    "expected_cost": 100.0,
    "threshold_selection": {
        "tn": 49,
        "fp": 61,
        "fn": 0,
        "tp": 6,
        "recall": 1.0,
        "precision": 0.08955223880597014,
        "specificity": 0.44545454545454544,
        "npv": 1.0,
        "f_beta": 0.32967032967032966,
        "expected_cost": 61.0,
        "threshold": 0.07434343434343434,
        "meets_recall_constraint": true
    },
    "accuracy": 0.3698630136986301,
    "confusion_matrix": [
        [
            48,
            90
        ],
        [
            2,
            6
        ]
    ],
    "classification_report": {
        "False": {
            "precision": 0.96,
            "recall": 0.34782608695652173,
            "f1-score": 0.5106382978723404,
            "support": 138.0
        },
        "True": {
            "precision": 0.0625,
            "recall": 0.75,
            "f1-score": 0.11538461538461539,
            "support": 8.0
        },
        "accuracy": 0.3698630136986301,
        "macro avg": {
            "precision": 0.51125,
            "recall": 0.5489130434782609,
            "f1-score": 0.3130114566284779,
            "support": 146.0
        },
        "weighted avg": {
            "precision": 0.9108219178082191,
            "recall": 0.3698630136986301,
            "f1-score": 0.4889805618456157,
            "support": 146.0
        }
    }
}