{
    "selected_threshold": 0.06939393939393938,
    "roc_auc": 0.5715579710144927,
    "average_precision": 0.10382242658588636,
    "log_loss": 0.24026188579940533,
    "tn": 20,
    "fp": 118,
    "fn": 1,
    "tp": 7,
    "recall": 0.875,
    "precision": 0.056,
    "specificity": 0.14492753623188406,
    "npv": 0.9523809523809523,
    "f_beta": 0.22292993630573252,
    "expected_cost": 123.0,
    "threshold_selection": {
        "tn": 12,
        "fp": 98,
        "fn": 0,
        "tp": 6,
        "recall": 1.0,
        "precision": 0.057692307692307696,
        "specificity": 0.10909090909090909,
        "npv": 1.0,
        "f_beta": 0.234375,
        "expected_cost": 98.0,
        "threshold": 0.06939393939393938,
        "meets_recall_constraint": true
    },
    "accuracy": 0.18493150684931506,
    "confusion_matrix": [
        [
            20,
            118
        ],
        [
            1,
            7
        ]
    ],
    "classification_report": {
        "False": {
            "precision": 0.9523809523809523,
            "recall": 0.14492753623188406,
            "f1-score": 0.25157232704402516,
            "support": 138.0
        },
        "True": {
            "precision": 0.056,
            "recall": 0.875,
            "f1-score": 0.10526315789473684,
            "support": 8.0
        },
        "accuracy": 0.18493150684931506,
        "macro avg": {
            "precision": 0.5041904761904762,
            "recall": 0.509963768115942,
            "f1-score": 0.178417742469381,
            "support": 146.0
        },
        "weighted avg": {
            "precision": 0.9032641878669275,
            "recall": 0.18493150684931506,
            "f1-score": 0.24355538626872172,
            "support": 146.0
        }
    }
}