{
    "threshold": 0.2871717171717172,
    "f_beta": 2.0,
    "fn_cost": 1.0,
    "fp_cost": 5.0,
    "selection_on_validation": {
        "tn": 83,
        "fp": 24,
        "fn": 1,
        "tp": 8,
        "recall": 0.8888888888888888,
        "precision": 0.25,
        "specificity": 0.7757009345794392,
        "npv": 0.9880952380952381,
        "f_beta": 0.5882352941176471,
        "expected_cost": 121.0,
        "threshold": 0.2871717171717172,
        "meets_recall_constraint": true
    }
}