{
    "threshold": 0.2673737373737374,
    "f_beta": 2.0,
    "fn_cost": 1.0,
    "fp_cost": 5.0,
    "selection_on_validation": {
        "tn": 71,
        "fp": 36,
        "fn": 0,
        "tp": 9,
        "recall": 1.0,
        "precision": 0.2,
        "specificity": 0.6635514018691588,
        "npv": 1.0,
        "f_beta": 0.5555555555555556,
        "expected_cost": 180.0,
        "threshold": 0.2673737373737374,
        "meets_recall_constraint": true
    }
}