{
    "threshold": 0.302020202020202,
    "f_beta": 2.0,
    "fn_cost": 1.0,
    "fp_cost": 5.0,
    "selection_on_validation": {
        "tn": 76,
        "fp": 31,
        "fn": 0,
        "tp": 9,
        "recall": 1.0,
        "precision": 0.225,
        "specificity": 0.7102803738317757,
        "npv": 1.0,
        "f_beta": 0.5921052631578948,
        "expected_cost": 155.0,
        "threshold": 0.302020202020202,
        "meets_recall_constraint": true
    }
}