{
    "selected_threshold": 0.3812121212121212,
    "roc_auc": 0.7637795275590551,
    "average_precision": 0.23692848832575633,
    "log_loss": 0.5244045488733853,
    "tn": 94,
    "fp": 33,
    "fn": 5,
    "tp": 14,
    "recall": 0.7368421052631579,
    "precision": 0.2978723404255319,
    "specificity": 0.7401574803149606,
    "npv": 0.9494949494949495,
    "f_beta": 0.5691056910569106,
    "expected_cost": 170.0,
    "threshold_selection": {
        "tn": 83,
        "fp": 24,
        "fn": 1,
        "tp": 8,
        "recall": 0.8888888888888888,
        "precision": 0.25,
        "specificity": 0.7757009345794392,
        "npv": 0.9880952380952381,
        "f_beta": 0.5882352941176471,
        "expected_cost": 121.0,
        "threshold": 0.3812121212121212,
        "meets_recall_constraint": true
    },
    "accuracy": 0.7397260273972602,
    "confusion_matrix": [
        [
            94,
            33
        ],
        [
            5,
            14
        ]
    ],
    "classification_report": {
        "False": {
            "precision": 0.9494949494949495,
            "recall": 0.7401574803149606,
            "f1-score": 0.831858407079646,
            "support": 127.0
        },
        "True": {
            "precision": 0.2978723404255319,
            "recall": 0.7368421052631579,
            "f1-score": 0.42424242424242425,
            "support": 19.0
        },
        "accuracy": 0.7397260273972602,
        "macro avg": {
            "precision": 0.6236836449602408,
            "recall": 0.7384997927890593,
            "f1-score": 0.6280504156610351,
            "support": 146.0
        },
        "weighted avg": {
            "precision": 0.8646947469448198,
            "recall": 0.7397260273972602,
            "f1-score": 0.778812491504939,
            "support": 146.0
        }
    }
}