{
    "selected_threshold": 0.302020202020202,
    "roc_auc": 0.7646083713220058,
    "average_precision": 0.2571850936870856,
    "log_loss": 0.469760669782222,
    "tn": 84,
    "fp": 43,
    "fn": 4,
    "tp": 15,
    "recall": 0.7894736842105263,
    "precision": 0.25862068965517243,
    "specificity": 0.6614173228346457,
    "npv": 0.9545454545454546,
    "f_beta": 0.5597014925373134,
    "expected_cost": 219.0,
    "threshold_selection": {
        "tn": 76,
        "fp": 31,
        "fn": 0,
        "tp": 9,
        "recall": 1.0,
        "precision": 0.225,
        "specificity": 0.7102803738317757,
        "npv": 1.0,
        "f_beta": 0.5921052631578948,
        "expected_cost": 155.0,
        "threshold": 0.302020202020202,
        "meets_recall_constraint": true
    },
    "accuracy": 0.678082191780822,
    "confusion_matrix": [
        [
            84,
            43
        ],
        [
            4,
            15
        ]
    ],
    "classification_report": {
        "False": {
            "precision": 0.9545454545454546,
            "recall": 0.6614173228346457,
            "f1-score": 0.7813953488372093,
            "support": 127.0
        },
        "True": {
            "precision": 0.25862068965517243,
            "recall": 0.7894736842105263,
            "f1-score": 0.38961038961038963,
            "support": 19.0
        },
        "accuracy": 0.678082191780822,
        "macro avg": {
            "precision": 0.6065830721003135,
            "recall": 0.725445503522586,
            "f1-score": 0.5855028692237995,
            "support": 146.0
        },
        "weighted avg": {
            "precision": 0.8639799029501438,
            "recall": 0.678082191780822,
            "f1-score": 0.7304096349652259,
            "support": 146.0
        }
    }
}