{
    "threshold": 0.10404040404040403,
    "f_beta": 2.0,
    "fn_cost": 1.0,
    "fp_cost": 5.0,
    "selection_on_validation": {
        "tn": 47,
        "fp": 38,
        "fn": 5,
        "tp": 26,
        "recall": 0.8387096774193549,
        "precision": 0.40625,
        "specificity": 0.5529411764705883,
        "npv": 0.9038461538461539,
        "f_beta": 0.6914893617021276,
        "expected_cost": 195.0,
        "threshold": 0.10404040404040403,
        "meets_recall_constraint": true
    }
}