{
    "threshold": 0.15353535353535352,
    "f_beta": 2.0,
    "fn_cost": 1.0,
    "fp_cost": 5.0,
    "selection_on_validation": {
        "tn": 40,
        "fp": 45,
        "fn": 4,
        "tp": 27,
        "recall": 0.8709677419354839,
        "precision": 0.375,
        "specificity": 0.47058823529411764,
        "npv": 0.9090909090909091,
        "f_beta": 0.6887755102040816,
        "expected_cost": 229.0,
        "threshold": 0.15353535353535352,
        "meets_recall_constraint": true
    }
}