{
    "selected_threshold": 0.10404040404040403,
    "roc_auc": 0.7246588693957114,
    "average_precision": 0.47309759896787784,
    "log_loss": 0.5593205032438481,
    "tn": 43,
    "fp": 65,
    "fn": 3,
    "tp": 35,
    "recall": 0.9210526315789473,
    "precision": 0.35,
    "specificity": 0.39814814814814814,
    "npv": 0.9347826086956522,
    "f_beta": 0.6944444444444445,
    "expected_cost": 328.0,
    "threshold_selection": {
        "tn": 47,
        "fp": 38,
        "fn": 5,
        "tp": 26,
        "recall": 0.8387096774193549,
        "precision": 0.40625,
        "specificity": 0.5529411764705883,
        "npv": 0.9038461538461539,
        "f_beta": 0.6914893617021276,
        "expected_cost": 195.0,
        "threshold": 0.10404040404040403,
        "meets_recall_constraint": true
    },
    "accuracy": 0.5342465753424658,
    "confusion_matrix": [
        [
            43,
            65
        ],
        [
            3,
            35
        ]
    ],
    "classification_report": {
        "False": {
            "precision": 0.9347826086956522,
            "recall": 0.39814814814814814,
            "f1-score": 0.5584415584415584,
            "support": 108.0
        },
        "True": {
            "precision": 0.35,
            "recall": 0.9210526315789473,
            "f1-score": 0.5072463768115942,
            "support": 38.0
        },
        "accuracy": 0.5342465753424658,
        "macro avg": {
            "precision": 0.6423913043478261,
            "recall": 0.6596003898635477,
            "f1-score": 0.5328439676265764,
            "support": 146.0
        },
        "weighted avg": {
            "precision": 0.7825789160214414,
            "recall": 0.5342465753424658,
            "f1-score": 0.5451167851406089,
            "support": 146.0
        }
    }
}