{
    "selected_threshold": 0.15353535353535352,
    "roc_auc": 0.7212475633528265,
    "average_precision": 0.48625155175972734,
    "log_loss": 0.5342805128435033,
    "tn": 34,
    "fp": 74,
    "fn": 5,
    "tp": 33,
    "recall": 0.868421052631579,
    "precision": 0.308411214953271,
    "specificity": 0.3148148148148148,
    "npv": 0.8717948717948718,
    "f_beta": 0.637065637065637,
    "expected_cost": 375.0,
    "threshold_selection": {
        "tn": 40,
        "fp": 45,
        "fn": 4,
        "tp": 27,
        "recall": 0.8709677419354839,
        "precision": 0.375,
        "specificity": 0.47058823529411764,
        "npv": 0.9090909090909091,
        "f_beta": 0.6887755102040816,
        "expected_cost": 229.0,
        "threshold": 0.15353535353535352,
        "meets_recall_constraint": true
    },
    "accuracy": 0.4589041095890411,
    "confusion_matrix": [
        [
            34,
            74
        ],
        [
            5,
            33
        ]
    ],
    "classification_report": {
        "False": {
            "precision": 0.8717948717948718,
            "recall": 0.3148148148148148,
            "f1-score": 0.46258503401360546,
            "support": 108.0
        },
        "True": {
            "precision": 0.308411214953271,
            "recall": 0.868421052631579,
            "f1-score": 0.45517241379310347,
            "support": 38.0
        },
        "accuracy": 0.4589041095890411,
        "macro avg": {
            "precision": 0.5901030433740714,
            "recall": 0.5916179337231969,
            "f1-score": 0.4588787239033545,
            "support": 146.0
        },
        "weighted avg": {
            "precision": 0.7251607693292497,
            "recall": 0.4589041095890411,
            "f1-score": 0.46065572190142,
            "support": 146.0
        }
    }
}