{
    "hgb": {
        "status": "ok",
        "metric_name": "precision@recall>=0.90",
        "metric_value": 0.08695652173913043,
        "failed_trials": 0,
        "threshold": 0.0198989898989899,
        "tn": 17,
        "fp": 84,
        "fn": 0,
        "tp": 8,
        "recall": 1.0,
        "precision": 0.08695652173913043,
        "specificity": 0.16831683168316833,
        "npv": 1.0,
        "f_beta": 0.3225806451612903,
        "cost": 84.0,
        "meets_recall_constraint": true,
        "auc_roc": 0.5272277227722773
    },
    "rf": {
        "status": "ok",
        "metric_name": "precision@recall>=0.90",
        "metric_value": 0.13114754098360656,
        "failed_trials": 0,
        "threshold": 0.09909090909090908,
        "tn": 48,
        "fp": 53,
        "fn": 0,
        "tp": 8,
        "recall": 1.0,
        "precision": 0.13114754098360656,
        "specificity": 0.4752475247524752,
        "npv": 1.0,
        "f_beta": 0.43010752688172044,
        "cost": 53.0,
        "meets_recall_constraint": true,
        "auc_roc": 0.676980198019802
    },
    "lr": {
        "status": "ok",
        "metric_name": "precision@recall>=0.90",
        "metric_value": 0.08791208791208792,
        "failed_trials": 0,
        "threshold": 0.059494949494949496,
        "tn": 18,
        "fp": 83,
        "fn": 0,
        "tp": 8,
        "recall": 1.0,
        "precision": 0.08791208791208792,
        "specificity": 0.1782178217821782,
        "npv": 1.0,
        "f_beta": 0.3252032520325203,
        "cost": 83.0,
        "meets_recall_constraint": true,
        "auc_roc": 0.5284653465346534
    },
    "ridge": {
        "status": "invalid_for_task"
    },
    "svc": {
        "status": "ok",
        "metric_name": "precision@recall>=0.90",
        "metric_value": 0.0898876404494382,
        "failed_trials": 0,
        "threshold": 0.059494949494949496,
        "tn": 20,
        "fp": 81,
        "fn": 0,
        "tp": 8,
        "recall": 1.0,
        "precision": 0.0898876404494382,
        "specificity": 0.19801980198019803,
        "npv": 1.0,
        "f_beta": 0.3305785123966942,
        "cost": 81.0,
        "meets_recall_constraint": true,
        "auc_roc": 0.5742574257425742
    },
    "torch_mlp": {
        "status": "ok",
        "metric_name": "precision@recall>=0.90",
        "metric_value": 0.08,
        "failed_trials": 0,
        "threshold": 0.01,
        "tn": 9,
        "fp": 92,
        "fn": 0,
        "tp": 8,
        "recall": 1.0,
        "precision": 0.08,
        "specificity": 0.0891089108910891,
        "npv": 1.0,
        "f_beta": 0.30303030303030304,
        "cost": 92.0,
        "meets_recall_constraint": true,
        "auc_roc": 0.6089108910891089
    }
}