{
    "selected_threshold": 0.20303030303030303,
    "roc_auc": 0.8180687940323249,
    "average_precision": 0.31507342421292517,
    "log_loss": 0.44634707173334826,
    "tn": 67,
    "fp": 60,
    "fn": 1,
    "tp": 18,
    "recall": 0.9473684210526315,
    "precision": 0.23076923076923078,
    "specificity": 0.5275590551181102,
    "npv": 0.9852941176470589,
    "f_beta": 0.5844155844155844,
    "expected_cost": 65.0,
    "threshold_selection": {
        "tn": 55,
        "fp": 52,
        "fn": 0,
        "tp": 9,
        "recall": 1.0,
        "precision": 0.14754098360655737,
        "specificity": 0.514018691588785,
        "npv": 1.0,
        "f_beta": 0.46391752577319584,
        "expected_cost": 52.0,
        "threshold": 0.20303030303030303,
        "meets_recall_constraint": true
    },
    "accuracy": 0.5821917808219178,
    "confusion_matrix": [
        [
            67,
            60
        ],
        [
            1,
            18
        ]
    ],
    "classification_report": {
        "False": {
            "precision": 0.9852941176470589,
            "recall": 0.5275590551181102,
            "f1-score": 0.6871794871794872,
            "support": 127.0
        },
        "True": {
            "precision": 0.23076923076923078,
            "recall": 0.9473684210526315,
            "f1-score": 0.3711340206185567,
            "support": 19.0
        },
        "accuracy": 0.5821917808219178,
        "macro avg": {
            "precision": 0.6080316742081449,
            "recall": 0.7374637380853708,
            "f1-score": 0.529156753899022,
            "support": 146.0
        },
        "weighted avg": {
            "precision": 0.8871025227793963,
            "recall": 0.5821917808219178,
            "f1-score": 0.6460502826270373,
            "support": 146.0
        }
    }
}