model,status,fit_seconds,selected_threshold,roc_auc,average_precision,log_loss,tn,fp,fn,tp,recall,precision,specificity,npv,f_beta,expected_cost,accuracy
hgb,ok,1.375,0.01,0.599858607281725,0.2142892958303053,0.5357495971963426,17,106,1,22,0.9565217391304348,0.171875,0.13821138211382114,0.9444444444444444,0.5,111.0,0.2671232876712329
lr,ok,0.016,0.29707070707070704,0.6528808766348534,0.2725849391079918,0.5461682652604943,32,91,2,21,0.9130434782608695,0.1875,0.2601626016260163,0.9411764705882353,0.5147058823529411,101.0,0.363013698630137
rf,ok,1.473,0.06444444444444444,0.6716154118062919,0.3201813680212101,0.4449164719947264,54,69,5,18,0.782608695652174,0.20689655172413793,0.43902439024390244,0.9152542372881356,0.5027932960893855,94.0,0.4931506849315068
svc,ok,0.061,0.07434343434343434,0.5977377165075999,0.3128661744813135,0.4371126709085594,38,85,4,19,0.8260869565217391,0.18269230769230768,0.3089430894308943,0.9047619047619048,0.4846938775510204,105.0,0.3904109589041096
torch_mlp,ok,5.529,0.25747474747474747,0.7165075998586073,0.32644430015772363,0.5089469113405306,24,99,2,21,0.9130434782608695,0.175,0.1951219512195122,0.9230769230769231,0.4952830188679246,109.0,0.3082191780821918
