model,status,fit_seconds,selected_threshold,roc_auc,average_precision,log_loss,tn,fp,fn,tp,recall,precision,specificity,npv,f_beta,expected_cost,accuracy
hgb,ok,0.812,0.014949494949494949,0.6447507953340403,0.3295189924561605,0.5396866293743741,29,94,4,19,0.8260869565217391,0.168141592920354,0.23577235772357724,0.8787878787878788,0.4634146341463415,114.0,0.3287671232876712
lr,ok,0.006,0.2772727272727273,0.672322375397667,0.2907871998977754,0.6192910366347256,2,121,0,23,1.0,0.1597222222222222,0.016260162601626018,1.0,0.4872881355932203,121.0,0.17123287671232876
rf,ok,0.88,0.049595959595959596,0.7101449275362319,0.40546759339770777,0.4082192419630827,41,82,4,19,0.8260869565217391,0.18811881188118812,0.3333333333333333,0.9111111111111111,0.4922279792746114,102.0,0.410958904109589
svc,ok,0.025,0.10404040404040403,0.6542948038176033,0.32642427465437296,0.4226291012960382,34,89,2,21,0.9130434782608695,0.19090909090909092,0.2764227642276423,0.9444444444444444,0.5198019801980197,99.0,0.3767123287671233
torch_mlp,ok,5.935,0.302020202020202,0.6691410392364793,0.28105448513739656,0.5952746768170775,9,114,0,23,1.0,0.1678832116788321,0.07317073170731707,1.0,0.5021834061135371,114.0,0.2191780821917808
