model,status,fit_seconds,selected_threshold,roc_auc,average_precision,log_loss,tn,fp,fn,tp,recall,precision,specificity,npv,f_beta,expected_cost,accuracy
hgb,ok,0.333,0.01,0.5443840579710145,0.1364596733298284,0.35334027796201595,11,127,1,7,0.875,0.05223880597014925,0.07971014492753623,0.9166666666666666,0.2108433734939759,132.0,0.1232876712328767
lr,ok,0.01,0.014949494949494949,0.6385869565217391,0.13467802119857772,0.5519118578661327,11,127,0,8,1.0,0.05925925925925926,0.07971014492753623,1.0,0.23952095808383234,127.0,0.13013698630136986
rf,ok,0.265,0.05454545454545454,0.519927536231884,0.10016825540326807,0.2450155735804926,50,88,2,6,0.75,0.06382978723404255,0.36231884057971014,0.9615384615384616,0.2380952380952381,98.0,0.3835616438356164
svc,ok,0.017,0.059494949494949496,0.5226449275362319,0.09778922984000765,0.21581568663718995,14,124,1,7,0.875,0.05343511450381679,0.10144927536231885,0.9333333333333333,0.2147239263803681,129.0,0.14383561643835616
torch_mlp,ok,3.495,0.08424242424242423,0.5380434782608696,0.13417172450191317,0.5038494715735866,42,96,3,5,0.625,0.04950495049504951,0.30434782608695654,0.9333333333333333,0.1879699248120301,111.0,0.3219178082191781
