{
    "threshold": 0.10404040404040403,
    "f_beta": 2.0,
    "fn_cost": 5.0,
    "fp_cost": 1.0,
    "selection_on_validation": {
        "tn": 18,
        "fp": 81,
        "fn": 1,
        "tp": 16,
        "recall": 0.9411764705882353,
        "precision": 0.16494845360824742,
        "specificity": 0.18181818181818182,
        "npv": 0.9473684210526315,
        "f_beta": 0.48484848484848475,
        "expected_cost": 86.0,
        "threshold": 0.10404040404040403,
        "meets_recall_constraint": true
    }
}