{
    "selected_threshold": 0.01,
    "roc_auc": 0.599858607281725,
    "average_precision": 0.2142892958303053,
    "log_loss": 0.5357495971963426,
    "tn": 17,
    "fp": 106,
    "fn": 1,
    "tp": 22,
    "recall": 0.9565217391304348,
    "precision": 0.171875,
    "specificity": 0.13821138211382114,
    "npv": 0.9444444444444444,
    "f_beta": 0.5,
    "expected_cost": 111.0,
    "threshold_selection": {
        "tn": 16,
        "fp": 83,
        "fn": 1,
        "tp": 16,
        "recall": 0.9411764705882353,
        "precision": 0.16161616161616163,
        "specificity": 0.16161616161616163,
        "npv": 0.9411764705882353,
        "f_beta": 0.4790419161676648,
        "expected_cost": 88.0,
        "threshold": 0.01,
        "meets_recall_constraint": true
    },
    "accuracy": 0.2671232876712329,
    "confusion_matrix": [
        [
            17,
            106
        ],
        [
            1,
            22
        ]
    ],
    "classification_report": {
        "False": {
            "precision": 0.9444444444444444,
            "recall": 0.13821138211382114,
            "f1-score": 0.24113475177304963,
            "support": 123.0
        },
        "True": {
            "precision": 0.171875,
            "recall": 0.9565217391304348,
            "f1-score": 0.2913907284768212,
            "support": 23.0
        },
        "accuracy": 0.2671232876712329,
        "macro avg": {
            "precision": 0.5581597222222222,
            "recall": 0.547366560622128,
            "f1-score": 0.2662627401249354,
            "support": 146.0
        },
        "weighted avg": {
            "precision": 0.8227382990867579,
            "recall": 0.2671232876712329,
            "f1-score": 0.24905178919898624,
            "support": 146.0
        }
    }
}