{
    "hgb": {
        "status": "ok",
        "metric_name": "precision@recall>=0.90",
        "metric_value": 0.2222222222222222,
        "failed_trials": 0,
        "threshold": 0.005,
        "tn": 26,
        "fp": 63,
        "fn": 2,
        "tp": 18,
        "recall": 0.9,
        "precision": 0.2222222222222222,
        "specificity": 0.29213483146067415,
        "npv": 0.9285714285714286,
        "f_beta": 0.5590062111801243,
        "cost": 73.0,
        "meets_recall_constraint": true,
        "auc_roc": 0.6095505617977528
    },
    "rf": {
        "status": "ok",
        "metric_name": "precision@recall>=0.90",
        "metric_value": 0.2647058823529412,
        "failed_trials": 0,
        "threshold": 0.26,
        "tn": 39,
        "fp": 50,
        "fn": 2,
        "tp": 18,
        "recall": 0.9,
        "precision": 0.2647058823529412,
        "specificity": 0.43820224719101125,
        "npv": 0.9512195121951219,
        "f_beta": 0.608108108108108,
        "cost": 60.0,
        "meets_recall_constraint": true,
        "auc_roc": 0.6258426966292134
    },
    "lr": {
        "status": "ok",
        "metric_name": "precision@recall>=0.90",
        "metric_value": 0.2857142857142857,
        "failed_trials": 0,
        "threshold": 0.45,
        "tn": 44,
        "fp": 45,
        "fn": 2,
        "tp": 18,
        "recall": 0.9,
        "precision": 0.2857142857142857,
        "specificity": 0.4943820224719101,
        "npv": 0.9565217391304348,
        "f_beta": 0.6293706293706294,
        "cost": 55.0,
        "meets_recall_constraint": true,
        "auc_roc": 0.7561797752808989
    },
    "ridge": {
        "status": "invalid_for_task"
    },
    "svc": {
        "status": "ok",
        "metric_name": "precision@recall>=0.90",
        "metric_value": 0.28125,
        "failed_trials": 0,
        "threshold": 0.125,
        "tn": 43,
        "fp": 46,
        "fn": 2,
        "tp": 18,
        "recall": 0.9,
        "precision": 0.28125,
        "specificity": 0.48314606741573035,
        "npv": 0.9555555555555556,
        "f_beta": 0.625,
        "cost": 56.0,
        "meets_recall_constraint": true,
        "auc_roc": 0.7297752808988764
    },
    "torch_mlp": {
        "status": "ok",
        "metric_name": "precision@recall>=0.90",
        "metric_value": 0.2857142857142857,
        "failed_trials": 0,
        "threshold": 0.38,
        "tn": 44,
        "fp": 45,
        "fn": 2,
        "tp": 18,
        "recall": 0.9,
        "precision": 0.2857142857142857,
        "specificity": 0.4943820224719101,
        "npv": 0.9565217391304348,
        "f_beta": 0.6293706293706294,
        "cost": 55.0,
        "meets_recall_constraint": true,
        "auc_roc": 0.7241573033707865
    }
}