{
    "selected_threshold": 0.18323232323232325,
    "roc_auc": 0.6466861598440545,
    "average_precision": 0.4323334427933006,
    "log_loss": 0.5442679762816306,
    "tn": 38,
    "fp": 70,
    "fn": 6,
    "tp": 32,
    "recall": 0.8421052631578947,
    "precision": 0.3137254901960784,
    "specificity": 0.35185185185185186,
    "npv": 0.8636363636363636,
    "f_beta": 0.6299212598425197,
    "expected_cost": 100.0,
    "threshold_selection": {
        "tn": 22,
        "fp": 63,
        "fn": 3,
        "tp": 28,
        "recall": 0.9032258064516129,
        "precision": 0.3076923076923077,
        "specificity": 0.25882352941176473,
        "npv": 0.88,
        "f_beta": 0.6511627906976744,
        "expected_cost": 78.0,
        "threshold": 0.18323232323232325,
        "meets_recall_constraint": true
    },
    "accuracy": 0.4794520547945205,
    "confusion_matrix": [
        [
            38,
            70
        ],
        [
            6,
            32
        ]
    ],
    "classification_report": {
        "False": {
            "precision": 0.8636363636363636,
            "recall": 0.35185185185185186,
            "f1-score": 0.5,
            "support": 108.0
        },
        "True": {
            "precision": 0.3137254901960784,
            "recall": 0.8421052631578947,
            "f1-score": 0.45714285714285713,
            "support": 38.0
        },
        "accuracy": 0.4794520547945205,
        "macro avg": {
            "precision": 0.588680926916221,
            "recall": 0.5969785575048733,
            "f1-score": 0.47857142857142854,
            "support": 146.0
        },
        "weighted avg": {
            "precision": 0.7205088760286182,
            "recall": 0.4794520547945205,
            "f1-score": 0.48884540117416825,
            "support": 146.0
        }
    }
}