model,status,fit_seconds,selected_threshold,roc_auc,average_precision,log_loss,tn,fp,fn,tp,recall,precision,specificity,npv,f_beta,expected_cost,accuracy
hgb,ok,1.415,0.02484848484848485,0.7380853709075839,0.28429754957155606,0.46462866754660903,52,75,3,16,0.8421052631578947,0.17582417582417584,0.4094488188976378,0.9454545454545454,0.47904191616766467,90.0,0.4657534246575342
lr,ok,0.015,0.26242424242424245,0.8006630750103605,0.29784234887891103,0.5293404745104011,47,80,0,19,1.0,0.1919191919191919,0.3700787401574803,1.0,0.5428571428571428,80.0,0.4520547945205479
rf,ok,0.667,0.12383838383838383,0.8209697472026523,0.305025950005165,0.31890580636841903,87,40,3,16,0.8421052631578947,0.2857142857142857,0.6850393700787402,0.9666666666666667,0.606060606060606,55.0,0.7054794520547946
svc,ok,0.097,0.03474747474747475,0.7617074181516784,0.3303617967673659,0.3530089814290611,5,122,0,19,1.0,0.1347517730496454,0.03937007874015748,1.0,0.4377880184331797,122.0,0.1643835616438356
torch_mlp,ok,5.959,0.20303030303030303,0.8180687940323249,0.31507342421292517,0.44634707173334826,67,60,1,18,0.9473684210526315,0.23076923076923078,0.5275590551181102,0.9852941176470589,0.5844155844155844,65.0,0.5821917808219178
