{
    "accuracy": 0.8561643835616438,
    "confusion_matrix": [
        [
            121,
            6
        ],
        [
            15,
            4
        ]
    ],
    "classification_report": {
        "False": {
            "precision": 0.8897058823529411,
            "recall": 0.952755905511811,
            "f1-score": 0.9201520912547528,
            "support": 127.0
        },
        "True": {
            "precision": 0.4,
            "recall": 0.21052631578947367,
            "f1-score": 0.27586206896551724,
            "support": 19.0
        },
        "accuracy": 0.8561643835616438,
        "macro avg": {
            "precision": 0.6448529411764705,
            "recall": 0.5816411106506423,
            "f1-score": 0.598007080110135,
            "support": 146.0
        },
        "weighted avg": {
            "precision": 0.8259770346494761,
            "recall": 0.8561643835616438,
            "f1-score": 0.8363061294499893,
            "support": 146.0
        }
    },
    "roc_auc": 0.7617074181516784,
    "average_precision": 0.29334668558555166,
    "log_loss": 1.3502255510766545
}