{
    "threshold": 0.26242424242424245,
    "f_beta": 2.0,
    "fn_cost": 5.0,
    "fp_cost": 1.0,
    "selection_on_validation": {
        "tn": 45,
        "fp": 62,
        "fn": 0,
        "tp": 9,
        "recall": 1.0,
        "precision": 0.1267605633802817,
        "specificity": 0.4205607476635514,
        "npv": 1.0,
        "f_beta": 0.42056074766355145,
        "expected_cost": 62.0,
        "threshold": 0.26242424242424245,
        "meets_recall_constraint": true
    }
}