{
    "accuracy": 0.7397260273972602,
    "confusion_matrix": [
        [
            88,
            20
        ],
        [
            18,
            20
        ]
    ],
    "classification_report": {
        "False": {
            "precision": 0.8301886792452831,
            "recall": 0.8148148148148148,
            "f1-score": 0.822429906542056,
            "support": 108.0
        },
        "True": {
            "precision": 0.5,
            "recall": 0.5263157894736842,
            "f1-score": 0.5128205128205128,
            "support": 38.0
        },
        "accuracy": 0.7397260273972602,
        "macro avg": {
            "precision": 0.6650943396226415,
            "recall": 0.6705653021442495,
            "f1-score": 0.6676252096812845,
            "support": 146.0
        },
        "weighted avg": {
            "precision": 0.7442491599896613,
            "recall": 0.7397260273972602,
            "f1-score": 0.7418466396830242,
            "support": 146.0
        }
    },
    "roc_auc": 0.719541910331384,
    "average_precision": 0.4498513099241481,
    "log_loss": 0.5290256613680865
}