model,status,fit_seconds,accuracy,roc_auc,average_precision,log_loss
hgb,ok,1.466,0.7328767123287672,0.74317738791423,0.4578197430399983,0.5258545705230956
rf,ok,1.783,0.773972602739726,0.7798489278752436,0.5244164503481523,0.4767363862495684
svc,ok,0.083,0.7397260273972602,0.719541910331384,0.4498513099241481,0.5290256613680865
torch_mlp,ok,9.306,0.7328767123287672,0.7430555555555556,0.48407177612250696,2.0067338033507887
