{
    "hgb": {
        "status": "ok",
        "metric_name": "precision@recall>=0.90",
        "metric_value": 0.2222222222222222,
        "failed_trials": 0,
        "threshold": 0.014949494949494949,
        "tn": 26,
        "fp": 63,
        "fn": 2,
        "tp": 18,
        "recall": 0.9,
        "precision": 0.2222222222222222,
        "specificity": 0.29213483146067415,
        "npv": 0.9285714285714286,
        "f_beta": 0.5590062111801243,
        "cost": 73.0,
        "meets_recall_constraint": true,
        "auc_roc": 0.6073033707865167
    },
    "rf": {
        "status": "ok",
        "metric_name": "precision@recall>=0.90",
        "metric_value": 0.2465753424657534,
        "failed_trials": 0,
        "threshold": 0.07434343434343434,
        "tn": 34,
        "fp": 55,
        "fn": 2,
        "tp": 18,
        "recall": 0.9,
        "precision": 0.2465753424657534,
        "specificity": 0.38202247191011235,
        "npv": 0.9444444444444444,
        "f_beta": 0.5882352941176471,
        "cost": 65.0,
        "meets_recall_constraint": true,
        "auc_roc": 0.6182584269662921
    },
    "lr": {
        "status": "ok",
        "metric_name": "precision@recall>=0.90",
        "metric_value": 0.2727272727272727,
        "failed_trials": 0,
        "threshold": 0.37626262626262624,
        "tn": 41,
        "fp": 48,
        "fn": 2,
        "tp": 18,
        "recall": 0.9,
        "precision": 0.2727272727272727,
        "specificity": 0.4606741573033708,
        "npv": 0.9534883720930233,
        "f_beta": 0.6164383561643836,
        "cost": 58.0,
        "meets_recall_constraint": true,
        "auc_roc": 0.6808988764044944
    },
    "ridge": {
        "status": "invalid_for_task"
    },
    "svc": {
        "status": "ok",
        "metric_name": "precision@recall>=0.90",
        "metric_value": 0.2535211267605634,
        "failed_trials": 0,
        "threshold": 0.07434343434343434,
        "tn": 36,
        "fp": 53,
        "fn": 2,
        "tp": 18,
        "recall": 0.9,
        "precision": 0.2535211267605634,
        "specificity": 0.4044943820224719,
        "npv": 0.9473684210526315,
        "f_beta": 0.5960264900662252,
        "cost": 63.0,
        "meets_recall_constraint": true,
        "auc_roc": 0.652247191011236
    },
    "torch_mlp": {
        "status": "ok",
        "metric_name": "precision@recall>=0.90",
        "metric_value": 0.3050847457627119,
        "failed_trials": 0,
        "threshold": 0.3564646464646465,
        "tn": 48,
        "fp": 41,
        "fn": 2,
        "tp": 18,
        "recall": 0.9,
        "precision": 0.3050847457627119,
        "specificity": 0.5393258426966292,
        "npv": 0.96,
        "f_beta": 0.6474820143884892,
        "cost": 51.0,
        "meets_recall_constraint": true,
        "auc_roc": 0.750561797752809
    }
}