{
    "selected_threshold": 0.2673737373737374,
    "roc_auc": 0.8226274347285536,
    "average_precision": 0.3491146688638338,
    "log_loss": 0.4868678879559069,
    "tn": 62,
    "fp": 65,
    "fn": 1,
    "tp": 18,
    "recall": 0.9473684210526315,
    "precision": 0.21686746987951808,
    "specificity": 0.4881889763779528,
    "npv": 0.9841269841269841,
    "f_beta": 0.5660377358490566,
    "expected_cost": 70.0,
    "threshold_selection": {
        "tn": 57,
        "fp": 50,
        "fn": 0,
        "tp": 9,
        "recall": 1.0,
        "precision": 0.15254237288135594,
        "specificity": 0.5327102803738317,
        "npv": 1.0,
        "f_beta": 0.4736842105263158,
        "expected_cost": 50.0,
        "threshold": 0.2673737373737374,
        "meets_recall_constraint": true
    },
    "accuracy": 0.547945205479452,
    "confusion_matrix": [
        [
            62,
            65
        ],
        [
            1,
            18
        ]
    ],
    "classification_report": {
        "False": {
            "precision": 0.9841269841269841,
            "recall": 0.4881889763779528,
            "f1-score": 0.6526315789473685,
            "support": 127.0
        },
        "True": {
            "precision": 0.21686746987951808,
            "recall": 0.9473684210526315,
            "f1-score": 0.35294117647058826,
            "support": 19.0
        },
        "accuracy": 0.547945205479452,
        "macro avg": {
            "precision": 0.600497227003251,
            "recall": 0.7177786987152921,
            "f1-score": 0.5027863777089784,
            "support": 146.0
        },
        "weighted avg": {
            "precision": 0.8842781432317659,
            "recall": 0.547945205479452,
            "f1-score": 0.6136307731455957,
            "support": 146.0
        }
    }
}