{
    "threshold": 0.16343434343434343,
    "f_beta": 2.0,
    "fn_cost": 5.0,
    "fp_cost": 1.0,
    "selection_on_validation": {
        "tn": 22,
        "fp": 63,
        "fn": 1,
        "tp": 30,
        "recall": 0.967741935483871,
        "precision": 0.3225806451612903,
        "specificity": 0.25882352941176473,
        "npv": 0.9565217391304348,
        "f_beta": 0.6912442396313364,
        "expected_cost": 68.0,
        "threshold": 0.16343434343434343,
        "meets_recall_constraint": true
    }
}