{
    "threshold": 0.2822222222222222,
    "f_beta": 2.0,
    "fn_cost": 1.0,
    "fp_cost": 5.0,
    "selection_on_validation": {
        "tn": 57,
        "fp": 28,
        "fn": 5,
        "tp": 26,
        "recall": 0.8387096774193549,
        "precision": 0.48148148148148145,
        "specificity": 0.6705882352941176,
        "npv": 0.9193548387096774,
        "f_beta": 0.7303370786516854,
        "expected_cost": 145.0,
        "threshold": 0.2822222222222222,
        "meets_recall_constraint": true
    }
}