{
    "selected_threshold": 0.2822222222222222,
    "roc_auc": 0.8116471734892787,
    "average_precision": 0.6463664294257558,
    "log_loss": 0.512431380590946,
    "tn": 60,
    "fp": 48,
    "fn": 4,
    "tp": 34,
    "recall": 0.8947368421052632,
    "precision": 0.4146341463414634,
    "specificity": 0.5555555555555556,
    "npv": 0.9375,
    "f_beta": 0.7264957264957266,
    "expected_cost": 244.0,
    "threshold_selection": {
        "tn": 57,
        "fp": 28,
        "fn": 5,
        "tp": 26,
        "recall": 0.8387096774193549,
        "precision": 0.48148148148148145,
        "specificity": 0.6705882352941176,
        "npv": 0.9193548387096774,
        "f_beta": 0.7303370786516854,
        "expected_cost": 145.0,
        "threshold": 0.2822222222222222,
        "meets_recall_constraint": true
    },
    "accuracy": 0.6438356164383562,
    "confusion_matrix": [
        [
            60,
            48
        ],
        [
            4,
            34
        ]
    ],
    "classification_report": {
        "False": {
            "precision": 0.9375,
            "recall": 0.5555555555555556,
            "f1-score": 0.6976744186046512,
            "support": 108.0
        },
        "True": {
            "precision": 0.4146341463414634,
            "recall": 0.8947368421052632,
            "f1-score": 0.5666666666666667,
            "support": 38.0
        },
        "accuracy": 0.6438356164383562,
        "macro avg": {
            "precision": 0.6760670731707317,
            "recall": 0.7251461988304093,
            "f1-score": 0.632170542635659,
            "support": 146.0
        },
        "weighted avg": {
            "precision": 0.8014116271299699,
            "recall": 0.6438356164383562,
            "f1-score": 0.6635765105659976,
            "support": 146.0
        }
    }
}