{
    "threshold": 0.32676767676767676,
    "f_beta": 2.0,
    "fn_cost": 5.0,
    "fp_cost": 1.0,
    "selection_on_validation": {
        "tn": 44,
        "fp": 63,
        "fn": 0,
        "tp": 9,
        "recall": 1.0,
        "precision": 0.125,
        "specificity": 0.411214953271028,
        "npv": 1.0,
        "f_beta": 0.4166666666666667,
        "expected_cost": 63.0,
        "threshold": 0.32676767676767676,
        "meets_recall_constraint": true
    }
}