{
    "threshold": 0.21292929292929294,
    "f_beta": 2.0,
    "fn_cost": 5.0,
    "fp_cost": 1.0,
    "selection_on_validation": {
        "tn": 28,
        "fp": 57,
        "fn": 3,
        "tp": 28,
        "recall": 0.9032258064516129,
        "precision": 0.32941176470588235,
        "specificity": 0.32941176470588235,
        "npv": 0.9032258064516129,
        "f_beta": 0.6698564593301436,
        "expected_cost": 72.0,
        "threshold": 0.21292929292929294,
        "meets_recall_constraint": true
    }
}