{
    "selected_threshold": 0.21292929292929294,
    "roc_auc": 0.6812865497076023,
    "average_precision": 0.4400908447228011,
    "log_loss": 0.536450484067692,
    "tn": 30,
    "fp": 78,
    "fn": 3,
    "tp": 35,
    "recall": 0.9210526315789473,
    "precision": 0.30973451327433627,
    "specificity": 0.2777777777777778,
    "npv": 0.9090909090909091,
    "f_beta": 0.6603773584905661,
    "expected_cost": 93.0,
    "threshold_selection": {
        "tn": 28,
        "fp": 57,
        "fn": 3,
        "tp": 28,
        "recall": 0.9032258064516129,
        "precision": 0.32941176470588235,
        "specificity": 0.32941176470588235,
        "npv": 0.9032258064516129,
        "f_beta": 0.6698564593301436,
        "expected_cost": 72.0,
        "threshold": 0.21292929292929294,
        "meets_recall_constraint": true
    },
    "accuracy": 0.4452054794520548,
    "confusion_matrix": [
        [
            30,
            78
        ],
        [
            3,
            35
        ]
    ],
    "classification_report": {
        "False": {
            "precision": 0.9090909090909091,
            "recall": 0.2777777777777778,
            "f1-score": 0.425531914893617,
            "support": 108.0
        },
        "True": {
            "precision": 0.30973451327433627,
            "recall": 0.9210526315789473,
            "f1-score": 0.46357615894039733,
            "support": 38.0
        },
        "accuracy": 0.4452054794520548,
        "macro avg": {
            "precision": 0.6094127111826226,
            "recall": 0.5994152046783625,
            "f1-score": 0.4445540369170072,
            "support": 146.0
        },
        "weighted avg": {
            "precision": 0.7530940389468695,
            "recall": 0.4452054794520548,
            "f1-score": 0.4354338414263407,
            "support": 146.0
        }
    }
}