{
    "selected_threshold": 0.05454545454545454,
    "roc_auc": 0.5190217391304348,
    "average_precision": 0.09033234689675498,
    "log_loss": 0.9961588787037405,
    "tn": 32,
    "fp": 106,
    "fn": 2,
    "tp": 6,
    "recall": 0.75,
    "precision": 0.05357142857142857,
    "specificity": 0.2318840579710145,
    "npv": 0.9411764705882353,
    "f_beta": 0.20833333333333334,
    "expected_cost": 116.0,
    "threshold_selection": {
        "tn": 26,
        "fp": 84,
        "fn": 2,
        "tp": 4,
        "recall": 0.6666666666666666,
        "precision": 0.045454545454545456,
        "specificity": 0.23636363636363636,
        "npv": 0.9285714285714286,
        "f_beta": 0.1785714285714286,
        "expected_cost": 94.0,
        "threshold": 0.05454545454545454,
        "meets_recall_constraint": false
    },
    "accuracy": 0.2602739726027397,
    "confusion_matrix": [
        [
            32,
            106
        ],
        [
            2,
            6
        ]
    ],
    "classification_report": {
        "False": {
            "precision": 0.9411764705882353,
            "recall": 0.2318840579710145,
            "f1-score": 0.37209302325581395,
            "support": 138.0
        },
        "True": {
            "precision": 0.05357142857142857,
            "recall": 0.75,
            "f1-score": 0.1,
            "support": 8.0
        },
        "accuracy": 0.2602739726027397,
        "macro avg": {
            "precision": 0.49737394957983194,
            "recall": 0.49094202898550726,
            "f1-score": 0.23604651162790696,
            "support": 146.0
        },
        "weighted avg": {
            "precision": 0.8925405778749855,
            "recall": 0.2602739726027397,
            "f1-score": 0.3571838165020707,
            "support": 146.0
        }
    }
}