model,status,fit_seconds,selected_threshold,roc_auc,average_precision,log_loss,tn,fp,fn,tp,recall,precision,specificity,npv,f_beta,expected_cost,accuracy
hgb,ok,0.89,0.014949494949494949,0.7339411520928305,0.27859750557843505,0.461031858980121,46,81,1,18,0.9473684210526315,0.18181818181818182,0.36220472440944884,0.9787234042553191,0.5142857142857143,86.0,0.4383561643835616
lr,ok,0.006,0.32676767676767676,0.8379610443431413,0.37137427875630663,0.5771020496726869,45,82,0,19,1.0,0.18811881188118812,0.3543307086614173,1.0,0.5367231638418078,82.0,0.4383561643835616
rf,ok,0.344,0.07929292929292929,0.823041856610029,0.30323970379705495,0.3250622944988692,67,60,0,19,1.0,0.24050632911392406,0.5275590551181102,1.0,0.6129032258064516,60.0,0.589041095890411
svc,ok,0.029,0.07929292929292929,0.7546622461665976,0.2603674179432165,0.3566206403045755,56,71,2,17,0.8947368421052632,0.19318181818181818,0.4409448818897638,0.9655172413793104,0.5182926829268293,81.0,0.5
torch_mlp,ok,3.383,0.2673737373737374,0.8226274347285536,0.3491146688638338,0.4868678879559069,62,65,1,18,0.9473684210526315,0.21686746987951808,0.4881889763779528,0.9841269841269841,0.5660377358490566,70.0,0.547945205479452
