model,status,fit_seconds,selected_threshold,roc_auc,average_precision,log_loss,tn,fp,fn,tp,recall,precision,specificity,npv,f_beta,expected_cost,accuracy
hgb,ok,1.335,0.02484848484848485,0.7380853709075839,0.28429754957155606,0.46462866754660903,52,75,3,16,0.8421052631578947,0.17582417582417584,0.4094488188976378,0.9454545454545454,0.47904191616766467,90.0,0.4657534246575342
