{
    "threshold": 0.07929292929292929,
    "f_beta": 2.0,
    "fn_cost": 5.0,
    "fp_cost": 1.0,
    "selection_on_validation": {
        "tn": 54,
        "fp": 53,
        "fn": 0,
        "tp": 9,
        "recall": 1.0,
        "precision": 0.14516129032258066,
        "specificity": 0.5046728971962616,
        "npv": 1.0,
        "f_beta": 0.45918367346938777,
        "expected_cost": 53.0,
        "threshold": 0.07929292929292929,
        "meets_recall_constraint": true
    }
}