{
    "selected_threshold": 0.07929292929292929,
    "roc_auc": 0.7546622461665976,
    "average_precision": 0.2603674179432165,
    "log_loss": 0.3566206403045755,
    "tn": 56,
    "fp": 71,
    "fn": 2,
    "tp": 17,
    "recall": 0.8947368421052632,
    "precision": 0.19318181818181818,
    "specificity": 0.4409448818897638,
    "npv": 0.9655172413793104,
    "f_beta": 0.5182926829268293,
    "expected_cost": 81.0,
    "threshold_selection": {
        "tn": 54,
        "fp": 53,
        "fn": 0,
        "tp": 9,
        "recall": 1.0,
        "precision": 0.14516129032258066,
        "specificity": 0.5046728971962616,
        "npv": 1.0,
        "f_beta": 0.45918367346938777,
        "expected_cost": 53.0,
        "threshold": 0.07929292929292929,
        "meets_recall_constraint": true
    },
    "accuracy": 0.5,
    "confusion_matrix": [
        [
            56,
            71
        ],
        [
            2,
            17
        ]
    ],
    "classification_report": {
        "False": {
            "precision": 0.9655172413793104,
            "recall": 0.4409448818897638,
            "f1-score": 0.6054054054054054,
            "support": 127.0
        },
        "True": {
            "precision": 0.19318181818181818,
            "recall": 0.8947368421052632,
            "f1-score": 0.3177570093457944,
            "support": 19.0
        },
        "accuracy": 0.5,
        "macro avg": {
            "precision": 0.5793495297805643,
            "recall": 0.6678408619975135,
            "f1-score": 0.46158120737559993,
            "support": 146.0
        },
        "weighted avg": {
            "precision": 0.8650078369905956,
            "recall": 0.5,
            "f1-score": 0.5679717100277848,
            "support": 146.0
        }
    }
}