{
    "threshold": 0.01,
    "f_beta": 2.0,
    "fn_cost": 5.0,
    "fp_cost": 1.0,
    "selection_on_validation": {
        "tn": 18,
        "fp": 92,
        "fn": 0,
        "tp": 6,
        "recall": 1.0,
        "precision": 0.061224489795918366,
        "specificity": 0.16363636363636364,
        "npv": 1.0,
        "f_beta": 0.2459016393442623,
        "expected_cost": 92.0,
        "threshold": 0.01,
        "meets_recall_constraint": true
    }
}