{
    "selected_threshold": 0.01,
    "roc_auc": 0.5480072463768115,
    "average_precision": 0.129701303462971,
    "log_loss": 0.34811668674095875,
    "tn": 16,
    "fp": 122,
    "fn": 2,
    "tp": 6,
    "recall": 0.75,
    "precision": 0.046875,
    "specificity": 0.11594202898550725,
    "npv": 0.8888888888888888,
    "f_beta": 0.1875,
    "expected_cost": 132.0,
    "threshold_selection": {
        "tn": 18,
        "fp": 92,
        "fn": 0,
        "tp": 6,
        "recall": 1.0,
        "precision": 0.061224489795918366,
        "specificity": 0.16363636363636364,
        "npv": 1.0,
        "f_beta": 0.2459016393442623,
        "expected_cost": 92.0,
        "threshold": 0.01,
        "meets_recall_constraint": true
    },
    "accuracy": 0.1506849315068493,
    "confusion_matrix": [
        [
            16,
            122
        ],
        [
            2,
            6
        ]
    ],
    "classification_report": {
        "False": {
            "precision": 0.8888888888888888,
            "recall": 0.11594202898550725,
            "f1-score": 0.20512820512820512,
            "support": 138.0
        },
        "True": {
            "precision": 0.046875,
            "recall": 0.75,
            "f1-score": 0.08823529411764706,
            "support": 8.0
        },
        "accuracy": 0.1506849315068493,
        "macro avg": {
            "precision": 0.4678819444444444,
            "recall": 0.4329710144927536,
            "f1-score": 0.1466817496229261,
            "support": 146.0
        },
        "weighted avg": {
            "precision": 0.8427511415525113,
            "recall": 0.1506849315068493,
            "f1-score": 0.19872311411392798,
            "support": 146.0
        }
    }
}