{
    "selected_threshold": 0.07929292929292929,
    "roc_auc": 0.8365009746588694,
    "average_precision": 0.6138120208216666,
    "log_loss": 0.4360269883741221,
    "tn": 36,
    "fp": 72,
    "fn": 0,
    "tp": 38,
    "recall": 1.0,
    "precision": 0.34545454545454546,
    "specificity": 0.3333333333333333,
    "npv": 1.0,
    "f_beta": 0.7251908396946565,
    "expected_cost": 360.0,
    "threshold_selection": {
        "tn": 40,
        "fp": 45,
        "fn": 6,
        "tp": 25,
        "recall": 0.8064516129032258,
        "precision": 0.35714285714285715,
        "specificity": 0.47058823529411764,
        "npv": 0.8695652173913043,
        "f_beta": 0.6443298969072164,
        "expected_cost": 231.0,
        "threshold": 0.07929292929292929,
        "meets_recall_constraint": true
    },
    "accuracy": 0.5068493150684932,
    "confusion_matrix": [
        [
            36,
            72
        ],
        [
            0,
            38
        ]
    ],
    "classification_report": {
        "False": {
            "precision": 1.0,
            "recall": 0.3333333333333333,
            "f1-score": 0.5,
            "support": 108.0
        },
        "True": {
            "precision": 0.34545454545454546,
            "recall": 1.0,
            "f1-score": 0.5135135135135135,
            "support": 38.0
        },
        "accuracy": 0.5068493150684932,
        "macro avg": {
            "precision": 0.6727272727272727,
            "recall": 0.6666666666666666,
            "f1-score": 0.5067567567567568,
            "support": 146.0
        },
        "weighted avg": {
            "precision": 0.8296388542963885,
            "recall": 0.5068493150684932,
            "f1-score": 0.503517215845983,
            "support": 146.0
        }
    }
}