{
    "threshold": 0.10404040404040403,
    "f_beta": 2.0,
    "fn_cost": 5.0,
    "fp_cost": 1.0,
    "selection_on_validation": {
        "tn": 18,
        "fp": 67,
        "fn": 1,
        "tp": 30,
        "recall": 0.967741935483871,
        "precision": 0.30927835051546393,
        "specificity": 0.21176470588235294,
        "npv": 0.9473684210526315,
        "f_beta": 0.6787330316742082,
        "expected_cost": 72.0,
        "threshold": 0.10404040404040403,
        "meets_recall_constraint": true
    }
}