{
    "selected_threshold": 0.10404040404040403,
    "roc_auc": 0.642056530214425,
    "average_precision": 0.3853531948557021,
    "log_loss": 0.5588168244713563,
    "tn": 21,
    "fp": 87,
    "fn": 1,
    "tp": 37,
    "recall": 0.9736842105263158,
    "precision": 0.29838709677419356,
    "specificity": 0.19444444444444445,
    "npv": 0.9545454545454546,
    "f_beta": 0.6702898550724639,
    "expected_cost": 92.0,
    "threshold_selection": {
        "tn": 18,
        "fp": 67,
        "fn": 1,
        "tp": 30,
        "recall": 0.967741935483871,
        "precision": 0.30927835051546393,
        "specificity": 0.21176470588235294,
        "npv": 0.9473684210526315,
        "f_beta": 0.6787330316742082,
        "expected_cost": 72.0,
        "threshold": 0.10404040404040403,
        "meets_recall_constraint": true
    },
    "accuracy": 0.3972602739726027,
    "confusion_matrix": [
        [
            21,
            87
        ],
        [
            1,
            37
        ]
    ],
    "classification_report": {
        "False": {
            "precision": 0.9545454545454546,
            "recall": 0.19444444444444445,
            "f1-score": 0.3230769230769231,
            "support": 108.0
        },
        "True": {
            "precision": 0.29838709677419356,
            "recall": 0.9736842105263158,
            "f1-score": 0.4567901234567901,
            "support": 38.0
        },
        "accuracy": 0.3972602739726027,
        "macro avg": {
            "precision": 0.626466275659824,
            "recall": 0.5840643274853802,
            "f1-score": 0.3899335232668566,
            "support": 146.0
        },
        "weighted avg": {
            "precision": 0.7837645121118387,
            "recall": 0.3972602739726027,
            "f1-score": 0.35787898892921727,
            "support": 146.0
        }
    }
}