{
    "threshold": 0.1386868686868687,
    "f_beta": 2.0,
    "fn_cost": 5.0,
    "fp_cost": 1.0,
    "selection_on_validation": {
        "tn": 5,
        "fp": 94,
        "fn": 0,
        "tp": 17,
        "recall": 1.0,
        "precision": 0.15315315315315314,
        "specificity": 0.050505050505050504,
        "npv": 1.0,
        "f_beta": 0.4748603351955307,
        "expected_cost": 94.0,
        "threshold": 0.1386868686868687,
        "meets_recall_constraint": true
    }
}