model,status,fit_seconds,selected_threshold,roc_auc,average_precision,log_loss,tn,fp,fn,tp,recall,precision,specificity,npv,f_beta,expected_cost,accuracy
hgb,ok,2.069,0.0198989898989899,0.542572463768116,0.08249419661199531,0.2983753944219214,14,124,2,6,0.75,0.046153846153846156,0.10144927536231885,0.875,0.18518518518518517,134.0,0.136986301369863
rf,ok,0.397,0.08424242424242423,0.6086956521739131,0.13123232792236725,0.23149503316367037,58,80,3,5,0.625,0.058823529411764705,0.42028985507246375,0.9508196721311475,0.21367521367521367,95.0,0.4315068493150685
lr,ok,0.022,0.05454545454545454,0.5190217391304348,0.09033234689675498,0.9961588787037405,32,106,2,6,0.75,0.05357142857142857,0.2318840579710145,0.9411764705882353,0.20833333333333334,116.0,0.2602739726027397
svc,ok,0.078,0.01,0.4257246376811594,0.11500195952936211,0.22134018961179835,0,138,0,8,1.0,0.0547945205479452,0.0,0.0,0.2247191011235955,138.0,0.0547945205479452
torch_mlp,ok,5.579,0.03474747474747475,0.5942028985507246,0.09648989752980111,0.4086455467749309,39,99,2,6,0.75,0.05714285714285714,0.2826086956521739,0.9512195121951219,0.218978102189781,109.0,0.3082191780821918
