model,status,fit_seconds,selected_threshold,roc_auc,average_precision,log_loss,tn,fp,fn,tp,recall,precision,specificity,npv,f_beta,expected_cost,accuracy
hgb,ok,1.224,0.014949494949494949,0.7057604641525073,0.2239853145107762,0.45771526616427566,61,66,3,16,0.8421052631578947,0.1951219512195122,0.48031496062992124,0.953125,0.5063291139240506,81.0,0.5273972602739726
lr,ok,0.022,0.2921212121212121,0.7981765437215085,0.28344695671219905,0.5312915286654688,56,71,0,19,1.0,0.2111111111111111,0.4409448818897638,1.0,0.572289156626506,71.0,0.5136986301369864
rf,ok,0.659,0.08919191919191918,0.8106092001657688,0.2943428424692561,0.3263719766198371,79,48,3,16,0.8421052631578947,0.25,0.6220472440944882,0.9634146341463414,0.5714285714285714,63.0,0.6506849315068494
svc,ok,0.05,0.08919191919191918,0.7438872772482387,0.307253818788866,0.35533198504872093,59,68,3,16,0.8421052631578947,0.19047619047619047,0.4645669291338583,0.9516129032258065,0.5,83.0,0.5136986301369864
torch_mlp,ok,6.469,0.16838383838383839,0.8135101533360962,0.30864698452106404,0.4264178256230848,69,58,0,19,1.0,0.24675324675324675,0.5433070866141733,1.0,0.6209150326797387,58.0,0.6027397260273972
