{
    "threshold": 0.3564646464646465,
    "f_beta": 2.0,
    "fn_cost": 1.0,
    "fp_cost": 5.0,
    "selection_on_validation": {
        "tn": 57,
        "fp": 28,
        "fn": 6,
        "tp": 25,
        "recall": 0.8064516129032258,
        "precision": 0.4716981132075472,
        "specificity": 0.6705882352941176,
        "npv": 0.9047619047619048,
        "f_beta": 0.7062146892655368,
        "expected_cost": 146.0,
        "threshold": 0.3564646464646465,
        "meets_recall_constraint": true
    }
}