{
    "selected_threshold": 0.3564646464646465,
    "roc_auc": 0.7926413255360623,
    "average_precision": 0.559344697528059,
    "log_loss": 0.5455363295932577,
    "tn": 63,
    "fp": 45,
    "fn": 6,
    "tp": 32,
    "recall": 0.8421052631578947,
    "precision": 0.4155844155844156,
    "specificity": 0.5833333333333334,
    "npv": 0.9130434782608695,
    "f_beta": 0.6986899563318778,
    "expected_cost": 231.0,
    "threshold_selection": {
        "tn": 57,
        "fp": 28,
        "fn": 6,
        "tp": 25,
        "recall": 0.8064516129032258,
        "precision": 0.4716981132075472,
        "specificity": 0.6705882352941176,
        "npv": 0.9047619047619048,
        "f_beta": 0.7062146892655368,
        "expected_cost": 146.0,
        "threshold": 0.3564646464646465,
        "meets_recall_constraint": true
    },
    "accuracy": 0.6506849315068494,
    "confusion_matrix": [
        [
            63,
            45
        ],
        [
            6,
            32
        ]
    ],
    "classification_report": {
        "False": {
            "precision": 0.9130434782608695,
            "recall": 0.5833333333333334,
            "f1-score": 0.711864406779661,
            "support": 108.0
        },
        "True": {
            "precision": 0.4155844155844156,
            "recall": 0.8421052631578947,
            "f1-score": 0.5565217391304348,
            "support": 38.0
        },
        "accuracy": 0.6506849315068494,
        "macro avg": {
            "precision": 0.6643139469226426,
            "recall": 0.7127192982456141,
            "f1-score": 0.6341930729550479,
            "support": 146.0
        },
        "weighted avg": {
            "precision": 0.7835678318108336,
            "recall": 0.6506849315068494,
            "f1-score": 0.6714327535558898,
            "support": 146.0
        }
    }
}