{
    "threshold": 0.23272727272727273,
    "f_beta": 2.0,
    "fn_cost": 5.0,
    "fp_cost": 1.0,
    "selection_on_validation": {
        "tn": 42,
        "fp": 43,
        "fn": 3,
        "tp": 28,
        "recall": 0.9032258064516129,
        "precision": 0.39436619718309857,
        "specificity": 0.49411764705882355,
        "npv": 0.9333333333333333,
        "f_beta": 0.7179487179487178,
        "expected_cost": 58.0,
        "threshold": 0.23272727272727273,
        "meets_recall_constraint": true
    }
}