{
    "selected_threshold": 0.23272727272727273,
    "roc_auc": 0.7448830409356726,
    "average_precision": 0.438613768886738,
    "log_loss": 0.5158562540787401,
    "tn": 47,
    "fp": 61,
    "fn": 4,
    "tp": 34,
    "recall": 0.8947368421052632,
    "precision": 0.35789473684210527,
    "specificity": 0.4351851851851852,
    "npv": 0.9215686274509803,
    "f_beta": 0.6882591093117408,
    "expected_cost": 81.0,
    "threshold_selection": {
        "tn": 42,
        "fp": 43,
        "fn": 3,
        "tp": 28,
        "recall": 0.9032258064516129,
        "precision": 0.39436619718309857,
        "specificity": 0.49411764705882355,
        "npv": 0.9333333333333333,
        "f_beta": 0.7179487179487178,
        "expected_cost": 58.0,
        "threshold": 0.23272727272727273,
        "meets_recall_constraint": true
    },
    "accuracy": 0.5547945205479452,
    "confusion_matrix": [
        [
            47,
            61
        ],
        [
            4,
            34
        ]
    ],
    "classification_report": {
        "False": {
            "precision": 0.9215686274509803,
            "recall": 0.4351851851851852,
            "f1-score": 0.5911949685534591,
            "support": 108.0
        },
        "True": {
            "precision": 0.35789473684210527,
            "recall": 0.8947368421052632,
            "f1-score": 0.5112781954887218,
            "support": 38.0
        },
        "accuracy": 0.5547945205479452,
        "macro avg": {
            "precision": 0.6397316821465429,
            "recall": 0.6649610136452242,
            "f1-score": 0.5512365820210905,
            "support": 146.0
        },
        "weighted avg": {
            "precision": 0.7748589846897662,
            "recall": 0.5547945205479452,
            "f1-score": 0.5703947125503083,
            "support": 146.0
        }
    }
}