{
    "selected_threshold": 0.22777777777777777,
    "roc_auc": 0.7412280701754387,
    "average_precision": 0.44417640779833756,
    "log_loss": 0.5187941353064031,
    "tn": 42,
    "fp": 66,
    "fn": 3,
    "tp": 35,
    "recall": 0.9210526315789473,
    "precision": 0.3465346534653465,
    "specificity": 0.3888888888888889,
    "npv": 0.9333333333333333,
    "f_beta": 0.6916996047430829,
    "expected_cost": 81.0,
    "threshold_selection": {
        "tn": 39,
        "fp": 46,
        "fn": 3,
        "tp": 28,
        "recall": 0.9032258064516129,
        "precision": 0.3783783783783784,
        "specificity": 0.4588235294117647,
        "npv": 0.9285714285714286,
        "f_beta": 0.7070707070707071,
        "expected_cost": 61.0,
        "threshold": 0.22777777777777777,
        "meets_recall_constraint": true
    },
    "accuracy": 0.5273972602739726,
    "confusion_matrix": [
        [
            42,
            66
        ],
        [
            3,
            35
        ]
    ],
    "classification_report": {
        "False": {
            "precision": 0.9333333333333333,
            "recall": 0.3888888888888889,
            "f1-score": 0.5490196078431373,
            "support": 108.0
        },
        "True": {
            "precision": 0.3465346534653465,
            "recall": 0.9210526315789473,
            "f1-score": 0.5035971223021583,
            "support": 38.0
        },
        "accuracy": 0.5273972602739726,
        "macro avg": {
            "precision": 0.63993399339934,
            "recall": 0.6549707602339181,
            "f1-score": 0.5263083650726478,
            "support": 146.0
        },
        "weighted avg": {
            "precision": 0.7806049098060491,
            "recall": 0.5273972602739726,
            "f1-score": 0.5371973170858961,
            "support": 146.0
        }
    }
}