{
    "threshold": 0.25747474747474747,
    "f_beta": 2.0,
    "fn_cost": 5.0,
    "fp_cost": 1.0,
    "selection_on_validation": {
        "tn": 13,
        "fp": 86,
        "fn": 0,
        "tp": 17,
        "recall": 1.0,
        "precision": 0.1650485436893204,
        "specificity": 0.13131313131313133,
        "npv": 1.0,
        "f_beta": 0.4970760233918129,
        "expected_cost": 86.0,
        "threshold": 0.25747474747474747,
        "meets_recall_constraint": true
    }
}