{
    "threshold": 0.12878787878787878,
    "f_beta": 2.0,
    "fn_cost": 5.0,
    "fp_cost": 1.0,
    "selection_on_validation": {
        "tn": 19,
        "fp": 66,
        "fn": 3,
        "tp": 28,
        "recall": 0.9032258064516129,
        "precision": 0.2978723404255319,
        "specificity": 0.2235294117647059,
        "npv": 0.8636363636363636,
        "f_beta": 0.6422018348623854,
        "expected_cost": 81.0,
        "threshold": 0.12878787878787878,
        "meets_recall_constraint": true
    }
}