{
    "selected_threshold": 0.12878787878787878,
    "roc_auc": 0.6937134502923977,
    "average_precision": 0.47959107797388784,
    "log_loss": 0.5847469292928927,
    "tn": 28,
    "fp": 80,
    "fn": 5,
    "tp": 33,
    "recall": 0.868421052631579,
    "precision": 0.2920353982300885,
    "specificity": 0.25925925925925924,
    "npv": 0.8484848484848485,
    "f_beta": 0.6226415094339623,
    "expected_cost": 105.0,
    "threshold_selection": {
        "tn": 19,
        "fp": 66,
        "fn": 3,
        "tp": 28,
        "recall": 0.9032258064516129,
        "precision": 0.2978723404255319,
        "specificity": 0.2235294117647059,
        "npv": 0.8636363636363636,
        "f_beta": 0.6422018348623854,
        "expected_cost": 81.0,
        "threshold": 0.12878787878787878,
        "meets_recall_constraint": true
    },
    "accuracy": 0.4178082191780822,
    "confusion_matrix": [
        [
            28,
            80
        ],
        [
            5,
            33
        ]
    ],
    "classification_report": {
        "False": {
            "precision": 0.8484848484848485,
            "recall": 0.25925925925925924,
            "f1-score": 0.3971631205673759,
            "support": 108.0
        },
        "True": {
            "precision": 0.2920353982300885,
            "recall": 0.868421052631579,
            "f1-score": 0.4370860927152318,
            "support": 38.0
        },
        "accuracy": 0.4178082191780822,
        "macro avg": {
            "precision": 0.5702601233574685,
            "recall": 0.5638401559454191,
            "f1-score": 0.41712460664130385,
            "support": 146.0
        },
        "weighted avg": {
            "precision": 0.7036555395144316,
            "recall": 0.4178082191780822,
            "f1-score": 0.40755403112640687,
            "support": 146.0
        }
    }
}