{
    "selected_threshold": 0.02484848484848485,
    "roc_auc": 0.7380853709075839,
    "average_precision": 0.28429754957155606,
    "log_loss": 0.46462866754660903,
    "tn": 52,
    "fp": 75,
    "fn": 3,
    "tp": 16,
    "recall": 0.8421052631578947,
    "precision": 0.17582417582417584,
    "specificity": 0.4094488188976378,
    "npv": 0.9454545454545454,
    "f_beta": 0.47904191616766467,
    "expected_cost": 90.0,
    "threshold_selection": {
        "tn": 55,
        "fp": 52,
        "fn": 0,
        "tp": 9,
        "recall": 1.0,
        "precision": 0.14754098360655737,
        "specificity": 0.514018691588785,
        "npv": 1.0,
        "f_beta": 0.46391752577319584,
        "expected_cost": 52.0,
        "threshold": 0.02484848484848485,
        "meets_recall_constraint": true
    },
    "accuracy": 0.4657534246575342,
    "confusion_matrix": [
        [
            52,
            75
        ],
        [
            3,
            16
        ]
    ],
    "classification_report": {
        "False": {
            "precision": 0.9454545454545454,
            "recall": 0.4094488188976378,
            "f1-score": 0.5714285714285714,
            "support": 127.0
        },
        "True": {
            "precision": 0.17582417582417584,
            "recall": 0.8421052631578947,
            "f1-score": 0.2909090909090909,
            "support": 19.0
        },
        "accuracy": 0.4657534246575342,
        "macro avg": {
            "precision": 0.5606393606393606,
            "recall": 0.6257770410277662,
            "f1-score": 0.43116883116883115,
            "support": 146.0
        },
        "weighted avg": {
            "precision": 0.8452971685848397,
            "recall": 0.4657534246575342,
            "f1-score": 0.5349226116349404,
            "support": 146.0
        }
    }
}