{
    "selected_threshold": 0.01,
    "roc_auc": 0.4230072463768116,
    "average_precision": 0.11485242096265366,
    "log_loss": 0.22051337855929418,
    "tn": 0,
    "fp": 138,
    "fn": 0,
    "tp": 8,
    "recall": 1.0,
    "precision": 0.0547945205479452,
    "specificity": 0.0,
    "npv": 0.0,
    "f_beta": 0.2247191011235955,
    "expected_cost": 138.0,
    "threshold_selection": {
        "tn": 0,
        "fp": 110,
        "fn": 0,
        "tp": 6,
        "recall": 1.0,
        "precision": 0.05172413793103448,
        "specificity": 0.0,
        "npv": 0.0,
        "f_beta": 0.2142857142857143,
        "expected_cost": 110.0,
        "threshold": 0.01,
        "meets_recall_constraint": true
    },
    "accuracy": 0.0547945205479452,
    "confusion_matrix": [
        [
            0,
            138
        ],
        [
            0,
            8
        ]
    ],
    "classification_report": {
        "False": {
            "precision": 0.0,
            "recall": 0.0,
            "f1-score": 0.0,
            "support": 138.0
        },
        "True": {
            "precision": 0.0547945205479452,
            "recall": 1.0,
            "f1-score": 0.1038961038961039,
            "support": 8.0
        },
        "accuracy": 0.0547945205479452,
        "macro avg": {
            "precision": 0.0273972602739726,
            "recall": 0.5,
            "f1-score": 0.05194805194805195,
            "support": 146.0
        },
        "weighted avg": {
            "precision": 0.003002439482079189,
            "recall": 0.0547945205479452,
            "f1-score": 0.005692937199786515,
            "support": 146.0
        }
    }
}