{
    "selected_threshold": 0.16343434343434343,
    "roc_auc": 0.6466861598440545,
    "average_precision": 0.4323334427933006,
    "log_loss": 0.5440291821662713,
    "tn": 37,
    "fp": 71,
    "fn": 6,
    "tp": 32,
    "recall": 0.8421052631578947,
    "precision": 0.3106796116504854,
    "specificity": 0.3425925925925926,
    "npv": 0.8604651162790697,
    "f_beta": 0.6274509803921567,
    "expected_cost": 101.0,
    "threshold_selection": {
        "tn": 21,
        "fp": 64,
        "fn": 3,
        "tp": 28,
        "recall": 0.9032258064516129,
        "precision": 0.30434782608695654,
        "specificity": 0.24705882352941178,
        "npv": 0.875,
        "f_beta": 0.6481481481481481,
        "expected_cost": 79.0,
        "threshold": 0.16343434343434343,
        "meets_recall_constraint": true
    },
    "accuracy": 0.4726027397260274,
    "confusion_matrix": [
        [
            37,
            71
        ],
        [
            6,
            32
        ]
    ],
    "classification_report": {
        "False": {
            "precision": 0.8604651162790697,
            "recall": 0.3425925925925926,
            "f1-score": 0.4900662251655629,
            "support": 108.0
        },
        "True": {
            "precision": 0.3106796116504854,
            "recall": 0.8421052631578947,
            "f1-score": 0.45390070921985815,
            "support": 38.0
        },
        "accuracy": 0.4726027397260274,
        "macro avg": {
            "precision": 0.5855723639647776,
            "recall": 0.5923489278752436,
            "f1-score": 0.47198346719271056,
            "support": 146.0
        },
        "weighted avg": {
            "precision": 0.7173702589099862,
            "recall": 0.4726027397260274,
            "f1-score": 0.4806532826591466,
            "support": 146.0
        }
    }
}