{
    "selected_threshold": 0.2921212121212121,
    "roc_auc": 0.7981765437215085,
    "average_precision": 0.28344695671219905,
    "log_loss": 0.5312915286654688,
    "tn": 56,
    "fp": 71,
    "fn": 0,
    "tp": 19,
    "recall": 1.0,
    "precision": 0.2111111111111111,
    "specificity": 0.4409448818897638,
    "npv": 1.0,
    "f_beta": 0.572289156626506,
    "expected_cost": 71.0,
    "threshold_selection": {
        "tn": 55,
        "fp": 52,
        "fn": 0,
        "tp": 9,
        "recall": 1.0,
        "precision": 0.14754098360655737,
        "specificity": 0.514018691588785,
        "npv": 1.0,
        "f_beta": 0.46391752577319584,
        "expected_cost": 52.0,
        "threshold": 0.2921212121212121,
        "meets_recall_constraint": true
    },
    "accuracy": 0.5136986301369864,
    "confusion_matrix": [
        [
            56,
            71
        ],
        [
            0,
            19
        ]
    ],
    "classification_report": {
        "False": {
            "precision": 1.0,
            "recall": 0.4409448818897638,
            "f1-score": 0.6120218579234973,
            "support": 127.0
        },
        "True": {
            "precision": 0.2111111111111111,
            "recall": 1.0,
            "f1-score": 0.3486238532110092,
            "support": 19.0
        },
        "accuracy": 0.5136986301369864,
        "macro avg": {
            "precision": 0.6055555555555555,
            "recall": 0.7204724409448819,
            "f1-score": 0.48032285556725324,
            "support": 146.0
        },
        "weighted avg": {
            "precision": 0.8973363774733638,
            "recall": 0.5136986301369864,
            "f1-score": 0.5777440353924201,
            "support": 146.0
        }
    }
}