model,status,fit_seconds,selected_threshold,roc_auc,average_precision,log_loss,tn,fp,fn,tp,recall,precision,specificity,npv,f_beta,expected_cost,accuracy
hgb,ok,2.115,0.15353535353535352,0.7212475633528265,0.48625155175972734,0.5342805128435033,34,74,5,33,0.868421052631579,0.308411214953271,0.3148148148148148,0.8717948717948718,0.637065637065637,375.0,0.4589041095890411
rf,ok,0.41,0.3317171717171717,0.7668128654970761,0.47530699426731615,0.5086442317944253,73,35,10,28,0.7368421052631579,0.4444444444444444,0.6759259259259259,0.8795180722891566,0.6511627906976744,185.0,0.6917808219178082
lr,ok,0.028,0.3812121212121212,0.7726608187134503,0.5730217388576065,0.681150918579171,48,60,4,34,0.8947368421052632,0.3617021276595745,0.4444444444444444,0.9230769230769231,0.6910569105691057,304.0,0.5616438356164384
svc,ok,0.068,0.22777777777777777,0.7915448343079923,0.546247945382445,0.49399372728033875,42,66,3,35,0.9210526315789473,0.3465346534653465,0.3888888888888889,0.9333333333333333,0.6916996047430829,333.0,0.5273972602739726
torch_mlp,ok,5.53,0.32181818181818184,0.7899610136452241,0.5579710828614842,0.5399248098398702,49,59,5,33,0.868421052631579,0.358695652173913,0.4537037037037037,0.9074074074074074,0.6762295081967213,300.0,0.5616438356164384
