model,status,fit_seconds,selected_threshold,roc_auc,average_precision,log_loss,tn,fp,fn,tp,recall,precision,specificity,npv,f_beta,expected_cost,accuracy
hgb,ok,2.084,0.10404040404040403,0.7246588693957114,0.47309759896787784,0.5593205032438481,43,65,3,35,0.9210526315789473,0.35,0.39814814814814814,0.9347826086956522,0.6944444444444445,328.0,0.5342465753424658
rf,ok,0.399,0.19313131313131313,0.8226120857699806,0.6263860603034059,0.46021237345952776,47,61,2,36,0.9473684210526315,0.3711340206185567,0.4351851851851852,0.9591836734693877,0.7228915662650602,307.0,0.5684931506849316
lr,ok,0.019,0.2822222222222222,0.8116471734892787,0.6463664294257558,0.512431380590946,60,48,4,34,0.8947368421052632,0.4146341463414634,0.5555555555555556,0.9375,0.7264957264957266,244.0,0.6438356164383562
svc,ok,0.05,0.07929292929292929,0.8365009746588694,0.6138120208216666,0.4360269883741221,36,72,0,38,1.0,0.34545454545454546,0.3333333333333333,1.0,0.7251908396946565,360.0,0.5068493150684932
torch_mlp,ok,5.583,0.3564646464646465,0.7926413255360623,0.559344697528059,0.5455363295932577,63,45,6,32,0.8421052631578947,0.4155844155844156,0.5833333333333334,0.9130434782608695,0.6986899563318778,231.0,0.6506849315068494
