{
    "threshold": 0.21292929292929294,
    "f_beta": 2.0,
    "fn_cost": 5.0,
    "fp_cost": 1.0,
    "selection_on_validation": {
        "tn": 31,
        "fp": 54,
        "fn": 3,
        "tp": 28,
        "recall": 0.9032258064516129,
        "precision": 0.34146341463414637,
        "specificity": 0.36470588235294116,
        "npv": 0.9117647058823529,
        "f_beta": 0.6796116504854369,
        "expected_cost": 69.0,
        "threshold": 0.21292929292929294,
        "meets_recall_constraint": true
    }
}