{
    "threshold": 0.08424242424242423,
    "f_beta": 2.0,
    "fn_cost": 5.0,
    "fp_cost": 1.0,
    "selection_on_validation": {
        "tn": 38,
        "fp": 72,
        "fn": 0,
        "tp": 6,
        "recall": 1.0,
        "precision": 0.07692307692307693,
        "specificity": 0.34545454545454546,
        "npv": 1.0,
        "f_beta": 0.29411764705882354,
        "expected_cost": 72.0,
        "threshold": 0.08424242424242423,
        "meets_recall_constraint": true
    }
}