{
    "threshold": 0.22777777777777777,
    "f_beta": 2.0,
    "fn_cost": 5.0,
    "fp_cost": 1.0,
    "selection_on_validation": {
        "tn": 39,
        "fp": 46,
        "fn": 3,
        "tp": 28,
        "recall": 0.9032258064516129,
        "precision": 0.3783783783783784,
        "specificity": 0.4588235294117647,
        "npv": 0.9285714285714286,
        "f_beta": 0.7070707070707071,
        "expected_cost": 61.0,
        "threshold": 0.22777777777777777,
        "meets_recall_constraint": true
    }
}