{
    "selected_threshold": 0.06444444444444444,
    "roc_auc": 0.6907034287734182,
    "average_precision": 0.35338589026576683,
    "log_loss": 0.4181445250415656,
    "tn": 41,
    "fp": 82,
    "fn": 3,
    "tp": 20,
    "recall": 0.8695652173913043,
    "precision": 0.19607843137254902,
    "specificity": 0.3333333333333333,
    "npv": 0.9318181818181818,
    "f_beta": 0.5154639175257731,
    "expected_cost": 97.0,
    "threshold_selection": {
        "tn": 36,
        "fp": 63,
        "fn": 0,
        "tp": 17,
        "recall": 1.0,
        "precision": 0.2125,
        "specificity": 0.36363636363636365,
        "npv": 1.0,
        "f_beta": 0.5743243243243243,
        "expected_cost": 63.0,
        "threshold": 0.06444444444444444,
        "meets_recall_constraint": true
    },
    "accuracy": 0.4178082191780822,
    "confusion_matrix": [
        [
            41,
            82
        ],
        [
            3,
            20
        ]
    ],
    "classification_report": {
        "False": {
            "precision": 0.9318181818181818,
            "recall": 0.3333333333333333,
            "f1-score": 0.49101796407185627,
            "support": 123.0
        },
        "True": {
            "precision": 0.19607843137254902,
            "recall": 0.8695652173913043,
            "f1-score": 0.32,
            "support": 23.0
        },
        "accuracy": 0.4178082191780822,
        "macro avg": {
            "precision": 0.5639483065953654,
            "recall": 0.6014492753623188,
            "f1-score": 0.4055089820359281,
            "support": 146.0
        },
        "weighted avg": {
            "precision": 0.8159139745561986,
            "recall": 0.4178082191780822,
            "f1-score": 0.46407677795094743,
            "support": 146.0
        }
    }
}