{
    "selected_threshold": 0.05454545454545454,
    "roc_auc": 0.519927536231884,
    "average_precision": 0.10016825540326807,
    "log_loss": 0.2450155735804926,
    "tn": 50,
    "fp": 88,
    "fn": 2,
    "tp": 6,
    "recall": 0.75,
    "precision": 0.06382978723404255,
    "specificity": 0.36231884057971014,
    "npv": 0.9615384615384616,
    "f_beta": 0.2380952380952381,
    "expected_cost": 98.0,
    "threshold_selection": {
        "tn": 46,
        "fp": 64,
        "fn": 0,
        "tp": 6,
        "recall": 1.0,
        "precision": 0.08571428571428572,
        "specificity": 0.41818181818181815,
        "npv": 1.0,
        "f_beta": 0.3191489361702128,
        "expected_cost": 64.0,
        "threshold": 0.05454545454545454,
        "meets_recall_constraint": true
    },
    "accuracy": 0.3835616438356164,
    "confusion_matrix": [
        [
            50,
            88
        ],
        [
            2,
            6
        ]
    ],
    "classification_report": {
        "False": {
            "precision": 0.9615384615384616,
            "recall": 0.36231884057971014,
            "f1-score": 0.5263157894736842,
            "support": 138.0
        },
        "True": {
            "precision": 0.06382978723404255,
            "recall": 0.75,
            "f1-score": 0.11764705882352941,
            "support": 8.0
        },
        "accuracy": 0.3835616438356164,
        "macro avg": {
            "precision": 0.5126841243862521,
            "recall": 0.5561594202898551,
            "f1-score": 0.3219814241486068,
            "support": 146.0
        },
        "weighted avg": {
            "precision": 0.9123489451382194,
            "recall": 0.3835616438356164,
            "f1-score": 0.5039229823147715,
            "support": 146.0
        }
    }
}