{
    "hgb": {
        "l2_regularization": 1.0,
        "learning_rate": 0.01,
        "max_depth": 10,
        "max_iter": 1000
    },
    "lr": {
        "C": 0.01,
        "max_iter": 2000,
        "solver": "liblinear",
        "class_weight": {
            "false": 0.5618101545253863,
            "true": 4.544642857142857
        }
    },
    "rf": {
        "max_depth": 10,
        "max_features": "log2",
        "min_samples_leaf": 1,
        "n_estimators": 500,
        "class_weight": {
            "false": 0.5618101545253863,
            "true": 4.544642857142857
        }
    },
    "svc": {
        "C": 10.0,
        "gamma": "auto",
        "kernel": "rbf",
        "probability": true,
        "class_weight": {
            "false": 0.5618101545253863,
            "true": 4.544642857142857
        }
    },
    "torch_mlp": {
        "batch_size": 64,
        "dropout": 0.4,
        "epochs": 150,
        "hidden_layers": [
            64,
            32
        ],
        "learning_rate": 0.0001,
        "weight_decay": 0.0001,
        "pos_weight": 8.089285714285714
    }
}