{
    "accuracy": 0.773972602739726,
    "confusion_matrix": [
        [
            97,
            11
        ],
        [
            22,
            16
        ]
    ],
    "classification_report": {
        "False": {
            "precision": 0.8151260504201681,
            "recall": 0.8981481481481481,
            "f1-score": 0.8546255506607929,
            "support": 108.0
        },
        "True": {
            "precision": 0.5925925925925926,
            "recall": 0.42105263157894735,
            "f1-score": 0.49230769230769234,
            "support": 38.0
        },
        "accuracy": 0.773972602739726,
        "macro avg": {
            "precision": 0.7038593215063803,
            "recall": 0.6596003898635477,
            "f1-score": 0.6734666214842426,
            "support": 146.0
        },
        "weighted avg": {
            "precision": 0.7572063833143607,
            "recall": 0.773972602739726,
            "f1-score": 0.7603236423223148,
            "support": 146.0
        }
    },
    "roc_auc": 0.7798489278752436,
    "average_precision": 0.5244164503481523,
    "log_loss": 0.4767363862495684
}