model,status,fit_seconds,selected_threshold,roc_auc,average_precision,log_loss,tn,fp,fn,tp,recall,precision,specificity,npv,f_beta,expected_cost,accuracy
hgb,ok,1.646,0.02484848484848485,0.6044538706256629,0.36948356372327634,0.683356099946097,67,56,10,13,0.5652173913043478,0.18840579710144928,0.5447154471544715,0.8701298701298701,0.40372670807453404,290.0,0.547945205479452
rf,ok,0.382,0.10404040404040403,0.7044892188052315,0.3902532830387279,0.4259949281108258,21,102,3,20,0.8695652173913043,0.16393442622950818,0.17073170731707318,0.875,0.46728971962616817,513.0,0.2808219178082192
lr,ok,0.013,0.1386868686868687,0.7271120537292329,0.36964570274889225,0.5392663326733877,17,106,2,21,0.9130434782608695,0.16535433070866143,0.13821138211382114,0.8947368421052632,0.4794520547945206,532.0,0.2602739726027397
svc,ok,0.032,0.02484848484848485,0.7260516083421704,0.37013860901688733,0.41133264951134585,15,108,2,21,0.9130434782608695,0.16279069767441862,0.12195121951219512,0.8823529411764706,0.47511312217194573,542.0,0.2465753424657534
torch_mlp,ok,5.505,0.18323232323232325,0.6903499469777306,0.2797017223291957,0.5543708004584212,4,119,1,22,0.9565217391304348,0.15602836879432624,0.032520325203252036,0.8,0.47210300429184554,596.0,0.1780821917808219
