model,status,fit_seconds,selected_threshold,roc_auc,average_precision,log_loss,tn,fp,fn,tp,recall,precision,specificity,npv,f_beta,expected_cost,accuracy
hgb,ok,1.59,0.01,0.607281724991163,0.24351283374132618,0.7057581873990845,63,60,7,16,0.6956521739130435,0.21052631578947367,0.5121951219512195,0.9,0.4761904761904762,307.0,0.541095890410959
rf,ok,0.39,0.1386868686868687,0.7112053729232944,0.3560186392545129,0.41496727348205376,32,91,3,20,0.8695652173913043,0.18018018018018017,0.2601626016260163,0.9142857142857143,0.4926108374384236,458.0,0.3561643835616438
lr,ok,0.016,0.14363636363636365,0.7147401908801696,0.4026526911414674,0.49561500472604314,29,94,3,20,0.8695652173913043,0.17543859649122806,0.23577235772357724,0.90625,0.48543689320388356,473.0,0.3356164383561644
svc,ok,0.044,0.029797979797979796,0.7281724991162956,0.4222557217347022,0.39788452501781,6,117,2,21,0.9130434782608695,0.15217391304347827,0.04878048780487805,0.75,0.45652173913043476,587.0,0.18493150684931506
torch_mlp,ok,5.424,0.16343434343434343,0.6956521739130436,0.2899826131671036,0.459761438787939,24,99,3,20,0.8695652173913043,0.16806722689075632,0.1951219512195122,0.8888888888888888,0.47393364928909953,498.0,0.3013698630136986
