model,status,fit_seconds,selected_threshold,roc_auc,average_precision,log_loss,tn,fp,fn,tp,recall,precision,specificity,npv,f_beta,expected_cost,accuracy
hgb,ok,0.403,0.12878787878787878,0.6937134502923977,0.47959107797388784,0.5847469292928927,28,80,5,33,0.868421052631579,0.2920353982300885,0.25925925925925924,0.8484848484848485,0.6226415094339623,105.0,0.4178082191780822
lr,ok,0.025,0.3465656565656566,0.7512183235867446,0.4953116005325261,0.6083356082656722,54,54,4,34,0.8947368421052632,0.38636363636363635,0.5,0.9310344827586207,0.7083333333333333,74.0,0.6027397260273972
rf,ok,0.29,0.16343434343434343,0.7307504873294347,0.5003995972625248,0.5114440067526725,28,80,1,37,0.9736842105263158,0.3162393162393162,0.25925925925925924,0.9655172413793104,0.6877323420074349,85.0,0.4452054794520548
svc,ok,0.032,0.20303030303030303,0.739766081871345,0.5031239105484897,0.5112983274300171,48,60,4,34,0.8947368421052632,0.3617021276595745,0.4444444444444444,0.9230769230769231,0.6910569105691057,80.0,0.5616438356164384
torch_mlp,ok,3.506,0.10404040404040403,0.7268518518518519,0.5351400150665419,0.6439256740214601,40,68,6,32,0.8421052631578947,0.32,0.37037037037037035,0.8695652173913043,0.6349206349206349,98.0,0.4931506849315068
