model,status,fit_seconds,selected_threshold,roc_auc,average_precision,log_loss,tn,fp,fn,tp,recall,precision,specificity,npv,f_beta,expected_cost,accuracy
hgb,ok,1.366,0.02484848484848485,0.7380853709075839,0.28429754957155606,0.46462866754660903,52,75,3,16,0.8421052631578947,0.17582417582417584,0.4094488188976378,0.9454545454545454,0.47904191616766467,90.0,0.4657534246575342
lr,ok,0.016,0.26242424242424245,0.8006630750103605,0.29784234887891103,0.5293404745104011,47,80,0,19,1.0,0.1919191919191919,0.3700787401574803,1.0,0.5428571428571428,80.0,0.4520547945205479
rf,ok,0.66,0.1386868686868687,0.8222130128470783,0.29851655492117857,0.32298266981020896,90,37,4,15,0.7894736842105263,0.28846153846153844,0.7086614173228346,0.9574468085106383,0.5859375,57.0,0.7191780821917808
svc,ok,0.058,0.03474747474747475,0.7617074181516784,0.3303617967673659,0.3511527821261752,5,122,0,19,1.0,0.1347517730496454,0.03937007874015748,1.0,0.4377880184331797,122.0,0.1643835616438356
torch_mlp,ok,5.874,0.20303030303030303,0.8180687940323249,0.31507342421292517,0.44634707173334826,67,60,1,18,0.9473684210526315,0.23076923076923078,0.5275590551181102,0.9852941176470589,0.5844155844155844,65.0,0.5821917808219178
