{
    "selected_threshold": 0.25747474747474747,
    "roc_auc": 0.7165075998586073,
    "average_precision": 0.32644430015772363,
    "log_loss": 0.5089469113405306,
    "tn": 24,
    "fp": 99,
    "fn": 2,
    "tp": 21,
    "recall": 0.9130434782608695,
    "precision": 0.175,
    "specificity": 0.1951219512195122,
    "npv": 0.9230769230769231,
    "f_beta": 0.4952830188679246,
    "expected_cost": 109.0,
    "threshold_selection": {
        "tn": 13,
        "fp": 86,
        "fn": 0,
        "tp": 17,
        "recall": 1.0,
        "precision": 0.1650485436893204,
        "specificity": 0.13131313131313133,
        "npv": 1.0,
        "f_beta": 0.4970760233918129,
        "expected_cost": 86.0,
        "threshold": 0.25747474747474747,
        "meets_recall_constraint": true
    },
    "accuracy": 0.3082191780821918,
    "confusion_matrix": [
        [
            24,
            99
        ],
        [
            2,
            21
        ]
    ],
    "classification_report": {
        "False": {
            "precision": 0.9230769230769231,
            "recall": 0.1951219512195122,
            "f1-score": 0.3221476510067114,
            "support": 123.0
        },
        "True": {
            "precision": 0.175,
            "recall": 0.9130434782608695,
            "f1-score": 0.2937062937062937,
            "support": 23.0
        },
        "accuracy": 0.3082191780821918,
        "macro avg": {
            "precision": 0.5490384615384616,
            "recall": 0.5540827147401909,
            "f1-score": 0.30792697235650257,
            "support": 146.0
        },
        "weighted avg": {
            "precision": 0.8052291886195997,
            "recall": 0.3082191780821918,
            "f1-score": 0.3176671632128099,
            "support": 146.0
        }
    }
}