model,status,fit_seconds,selected_threshold,roc_auc,average_precision,log_loss,tn,fp,fn,tp,recall,precision,specificity,npv,f_beta,expected_cost,accuracy
hgb,ok,0.25,0.15353535353535352,0.7319688109161793,0.5122121782416809,0.5391491610226935,38,70,2,36,0.9473684210526315,0.33962264150943394,0.35185185185185186,0.95,0.6976744186046511,80.0,0.5068493150684932
lr,ok,0.009,0.2772727272727273,0.7085769980506822,0.4707473601564507,0.6851924312616148,32,76,4,34,0.8947368421052632,0.3090909090909091,0.2962962962962963,0.8888888888888888,0.648854961832061,96.0,0.4520547945205479
rf,ok,0.141,0.21292929292929294,0.7529239766081871,0.4909145254352359,0.5131420536326309,31,77,4,34,0.8947368421052632,0.3063063063063063,0.28703703703703703,0.8857142857142857,0.6463878326996197,97.0,0.4452054794520548
svc,ok,0.047,0.21292929292929294,0.6812865497076023,0.4400908447228011,0.536450484067692,30,78,3,35,0.9210526315789473,0.30973451327433627,0.2777777777777778,0.9090909090909091,0.6603773584905661,93.0,0.4452054794520548
torch_mlp,ok,0.872,0.01,0.709307992202729,0.5558690985933634,0.7421731192937635,13,95,3,35,0.9210526315789473,0.2692307692307692,0.12037037037037036,0.8125,0.6205673758865248,110.0,0.3287671232876712
