{
    "selected_threshold": 0.02484848484848485,
    "roc_auc": 0.7260516083421704,
    "average_precision": 0.37013860901688733,
    "log_loss": 0.41133264951134585,
    "tn": 15,
    "fp": 108,
    "fn": 2,
    "tp": 21,
    "recall": 0.9130434782608695,
    "precision": 0.16279069767441862,
    "specificity": 0.12195121951219512,
    "npv": 0.8823529411764706,
    "f_beta": 0.47511312217194573,
    "expected_cost": 542.0,
    "threshold_selection": {
        "tn": 20,
        "fp": 79,
        "fn": 0,
        "tp": 17,
        "recall": 1.0,
        "precision": 0.17708333333333334,
        "specificity": 0.20202020202020202,
        "npv": 1.0,
        "f_beta": 0.5182926829268293,
        "expected_cost": 395.0,
        "threshold": 0.02484848484848485,
        "meets_recall_constraint": true
    },
    "accuracy": 0.2465753424657534,
    "confusion_matrix": [
        [
            15,
            108
        ],
        [
            2,
            21
        ]
    ],
    "classification_report": {
        "False": {
            "precision": 0.8823529411764706,
            "recall": 0.12195121951219512,
            "f1-score": 0.21428571428571427,
            "support": 123.0
        },
        "True": {
            "precision": 0.16279069767441862,
            "recall": 0.9130434782608695,
            "f1-score": 0.27631578947368424,
            "support": 23.0
        },
        "accuracy": 0.2465753424657534,
        "macro avg": {
            "precision": 0.5225718194254446,
            "recall": 0.5174973488865323,
            "f1-score": 0.24530075187969924,
            "support": 146.0
        },
        "weighted avg": {
            "precision": 0.7689972452823117,
            "recall": 0.2465753424657534,
            "f1-score": 0.22405757544546298,
            "support": 146.0
        }
    }
}