model,status,fit_seconds,selected_threshold,roc_auc,average_precision,log_loss,tn,fp,fn,tp,recall,precision,specificity,npv,f_beta,expected_cost,accuracy
hgb,ok,1.426,0.01,0.599858607281725,0.2142892958303053,0.5357495971963426,17,106,1,22,0.9565217391304348,0.171875,0.13821138211382114,0.9444444444444444,0.5,111.0,0.2671232876712329
lr,ok,0.015,0.29707070707070704,0.6528808766348534,0.2725849391079918,0.5461682652604943,32,91,2,21,0.9130434782608695,0.1875,0.2601626016260163,0.9411764705882353,0.5147058823529411,101.0,0.363013698630137
rf,ok,1.421,0.049595959595959596,0.6793920113114174,0.32746322728749266,0.44897485846982577,31,92,3,20,0.8695652173913043,0.17857142857142858,0.25203252032520324,0.9117647058823529,0.4901960784313726,107.0,0.3493150684931507
svc,ok,0.061,0.07434343434343434,0.5984446800989749,0.31297245093075216,0.43634088054091613,33,90,4,19,0.8260869565217391,0.1743119266055046,0.2682926829268293,0.8918918918918919,0.47263681592039813,110.0,0.3561643835616438
torch_mlp,ok,6.467,0.25747474747474747,0.7165075998586073,0.32644430015772363,0.5089469113405306,24,99,2,21,0.9130434782608695,0.175,0.1951219512195122,0.9230769230769231,0.4952830188679246,109.0,0.3082191780821918
