{
    "selected_threshold": 0.0198989898989899,
    "roc_auc": 0.542572463768116,
    "average_precision": 0.08249419661199531,
    "log_loss": 0.2983753944219214,
    "tn": 14,
    "fp": 124,
    "fn": 2,
    "tp": 6,
    "recall": 0.75,
    "precision": 0.046153846153846156,
    "specificity": 0.10144927536231885,
    "npv": 0.875,
    "f_beta": 0.18518518518518517,
    "expected_cost": 134.0,
    "threshold_selection": {
        "tn": 9,
        "fp": 101,
        "fn": 0,
        "tp": 6,
        "recall": 1.0,
        "precision": 0.056074766355140186,
        "specificity": 0.08181818181818182,
        "npv": 1.0,
        "f_beta": 0.22900763358778622,
        "expected_cost": 101.0,
        "threshold": 0.0198989898989899,
        "meets_recall_constraint": true
    },
    "accuracy": 0.136986301369863,
    "confusion_matrix": [
        [
            14,
            124
        ],
        [
            2,
            6
        ]
    ],
    "classification_report": {
        "False": {
            "precision": 0.875,
            "recall": 0.10144927536231885,
            "f1-score": 0.18181818181818182,
            "support": 138.0
        },
        "True": {
            "precision": 0.046153846153846156,
            "recall": 0.75,
            "f1-score": 0.08695652173913043,
            "support": 8.0
        },
        "accuracy": 0.136986301369863,
        "macro avg": {
            "precision": 0.4605769230769231,
            "recall": 0.4257246376811594,
            "f1-score": 0.13438735177865613,
            "support": 146.0
        },
        "weighted avg": {
            "precision": 0.8295837723919915,
            "recall": 0.136986301369863,
            "f1-score": 0.17662028263576804,
            "support": 146.0
        }
    }
}