{
    "threshold": 0.07434343434343434,
    "f_beta": 2.0,
    "fn_cost": 5.0,
    "fp_cost": 1.0,
    "selection_on_validation": {
        "tn": 31,
        "fp": 68,
        "fn": 1,
        "tp": 16,
        "recall": 0.9411764705882353,
        "precision": 0.19047619047619047,
        "specificity": 0.31313131313131315,
        "npv": 0.96875,
        "f_beta": 0.5263157894736842,
        "expected_cost": 73.0,
        "threshold": 0.07434343434343434,
        "meets_recall_constraint": true
    }
}