{
    "hgb": {
        "status": "ok",
        "metric_name": "precision@recall>=0.90",
        "metric_value": 0.4852941176470588,
        "failed_trials": 0,
        "threshold": 0.207979797979798,
        "tn": 39,
        "fp": 35,
        "fn": 2,
        "tp": 33,
        "recall": 0.9428571428571428,
        "precision": 0.4852941176470588,
        "specificity": 0.527027027027027,
        "npv": 0.9512195121951219,
        "f_beta": 0.7932692307692307,
        "cost": 45.0,
        "meets_recall_constraint": true,
        "auc_roc": 0.766023166023166
    },
    "rf": {
        "status": "ok",
        "metric_name": "precision@recall>=0.90",
        "metric_value": 0.5714285714285714,
        "failed_trials": 0,
        "threshold": 0.2723232323232323,
        "tn": 50,
        "fp": 24,
        "fn": 3,
        "tp": 32,
        "recall": 0.9142857142857143,
        "precision": 0.5714285714285714,
        "specificity": 0.6756756756756757,
        "npv": 0.9433962264150944,
        "f_beta": 0.8163265306122449,
        "cost": 39.0,
        "meets_recall_constraint": true,
        "auc_roc": 0.8258687258687258
    },
    "lr": {
        "status": "ok",
        "metric_name": "precision@recall>=0.90",
        "metric_value": 0.42857142857142855,
        "failed_trials": 0,
        "threshold": 0.21787878787878787,
        "tn": 30,
        "fp": 44,
        "fn": 2,
        "tp": 33,
        "recall": 0.9428571428571428,
        "precision": 0.42857142857142855,
        "specificity": 0.40540540540540543,
        "npv": 0.9375,
        "f_beta": 0.76036866359447,
        "cost": 54.0,
        "meets_recall_constraint": true,
        "auc_roc": 0.7478764478764478
    },
    "ridge": {
        "status": "invalid_for_task"
    },
    "svc": {
        "status": "ok",
        "metric_name": "precision@recall>=0.90",
        "metric_value": 0.43243243243243246,
        "failed_trials": 0,
        "threshold": 0.19808080808080808,
        "tn": 32,
        "fp": 42,
        "fn": 3,
        "tp": 32,
        "recall": 0.9142857142857143,
        "precision": 0.43243243243243246,
        "specificity": 0.43243243243243246,
        "npv": 0.9142857142857143,
        "f_beta": 0.7476635514018692,
        "cost": 57.0,
        "meets_recall_constraint": true,
        "auc_roc": 0.7212355212355213
    },
    "torch_mlp": {
        "status": "ok",
        "metric_name": "precision@recall>=0.90",
        "metric_value": 0.47761194029850745,
        "failed_trials": 0,
        "threshold": 0.014949494949494949,
        "tn": 39,
        "fp": 35,
        "fn": 3,
        "tp": 32,
        "recall": 0.9142857142857143,
        "precision": 0.47761194029850745,
        "specificity": 0.527027027027027,
        "npv": 0.9285714285714286,
        "f_beta": 0.7729468599033816,
        "cost": 50.0,
        "meets_recall_constraint": true,
        "auc_roc": 0.7355212355212355
    }
}