model,status,fit_seconds,selected_threshold,roc_auc,average_precision,log_loss,tn,fp,fn,tp,recall,precision,specificity,npv,f_beta,expected_cost,accuracy
hgb,ok,2.583,0.01,0.599858607281725,0.2142892958303053,0.5357495971963426,17,106,1,22,0.9565217391304348,0.171875,0.13821138211382114,0.9444444444444444,0.5,111.0,0.2671232876712329
rf,ok,1.388,0.06939393939393938,0.6620714033227288,0.31599335503432874,0.4490241082679528,63,60,5,18,0.782608695652174,0.23076923076923078,0.5121951219512195,0.9264705882352942,0.5294117647058824,85.0,0.5547945205479452
lr,ok,0.015,0.29707070707070704,0.6528808766348534,0.2725849391079918,0.5461682652604943,32,91,2,21,0.9130434782608695,0.1875,0.2601626016260163,0.9411764705882353,0.5147058823529411,101.0,0.363013698630137
svc,ok,0.061,0.07434343434343434,0.5984446800989749,0.31297245093075216,0.43663447451580717,41,82,5,18,0.782608695652174,0.18,0.3333333333333333,0.8913043478260869,0.46874999999999994,107.0,0.4041095890410959
torch_mlp,ok,5.638,0.25747474747474747,0.7165075998586073,0.32644430015772363,0.5089469113405306,24,99,2,21,0.9130434782608695,0.175,0.1951219512195122,0.9230769230769231,0.4952830188679246,109.0,0.3082191780821918
