model,status,fit_seconds,selected_threshold,roc_auc,average_precision,log_loss,tn,fp,fn,tp,recall,precision,specificity,npv,f_beta,expected_cost,accuracy
hgb,ok,0.787,0.0198989898989899,0.542572463768116,0.08249419661199531,0.2983753944219214,14,124,2,6,0.75,0.046153846153846156,0.10144927536231885,0.875,0.18518518518518517,134.0,0.136986301369863
lr,ok,0.023,0.05454545454545454,0.5190217391304348,0.09033234689675498,0.9961588787037405,32,106,2,6,0.75,0.05357142857142857,0.2318840579710145,0.9411764705882353,0.20833333333333334,116.0,0.2602739726027397
rf,ok,0.399,0.07929292929292929,0.6177536231884058,0.11555972687864573,0.23771446987996153,35,103,1,7,0.875,0.06363636363636363,0.2536231884057971,0.9722222222222222,0.24647887323943657,108.0,0.2876712328767123
svc,ok,0.077,0.01,0.4230072463768116,0.11485242096265366,0.22051337855929418,0,138,0,8,1.0,0.0547945205479452,0.0,0.0,0.2247191011235955,138.0,0.0547945205479452
torch_mlp,ok,6.028,0.03474747474747475,0.5942028985507246,0.09648989752980111,0.4086455467749309,39,99,2,6,0.75,0.05714285714285714,0.2826086956521739,0.9512195121951219,0.218978102189781,109.0,0.3082191780821918
