model,status,fit_seconds,selected_threshold,roc_auc,average_precision,log_loss,tn,fp,fn,tp,recall,precision,specificity,npv,f_beta,expected_cost,accuracy
hgb,ok,0.494,0.0198989898989899,0.6132909155178508,0.2568713095709255,0.5422681600357834,39,84,2,21,0.9130434782608695,0.2,0.3170731707317073,0.9512195121951219,0.5329949238578681,94.0,0.410958904109589
lr,ok,0.004,0.32676767676767676,0.6507599858607281,0.2628110516778739,0.6126719588232329,23,100,2,21,0.9130434782608695,0.17355371900826447,0.18699186991869918,0.92,0.49295774647887325,110.0,0.3013698630136986
rf,ok,0.463,0.06444444444444444,0.6907034287734182,0.35338589026576683,0.4181445250415656,41,82,3,20,0.8695652173913043,0.19607843137254902,0.3333333333333333,0.9318181818181818,0.5154639175257731,97.0,0.4178082191780822
svc,ok,0.02,0.08424242424242423,0.6224814422057264,0.29777980601395304,0.42669866996366684,33,90,3,20,0.8695652173913043,0.18181818181818182,0.2682926829268293,0.9166666666666666,0.4950495049504951,105.0,0.363013698630137
torch_mlp,ok,2.017,0.1386868686868687,0.6454577589254153,0.25997991172897755,0.5489951938547855,7,116,1,22,0.9565217391304348,0.15942028985507245,0.056910569105691054,0.875,0.4782608695652174,121.0,0.19863013698630136
