model,status,fit_seconds,selected_threshold,roc_auc,average_precision,log_loss,tn,fp,fn,tp,recall,precision,specificity,npv,f_beta,expected_cost,accuracy
hgb,ok,1.826,0.207979797979798,0.7128056361375882,0.27746676928631947,0.43525894374957463,96,31,8,11,0.5789473684210527,0.2619047619047619,0.7559055118110236,0.9230769230769231,0.4661016949152542,163.0,0.7328767123287672
rf,ok,0.385,0.25747474747474747,0.7733112308329879,0.2849534765561321,0.3434006647768758,97,30,9,10,0.5263157894736842,0.25,0.7637795275590551,0.9150943396226415,0.43103448275862066,159.0,0.7328767123287672
lr,ok,0.021,0.302020202020202,0.7646083713220058,0.2571850936870856,0.469760669782222,84,43,4,15,0.7894736842105263,0.25862068965517243,0.6614173228346457,0.9545454545454546,0.5597014925373134,219.0,0.678082191780822
svc,ok,0.045,0.09909090909090908,0.8155822627434729,0.32155806486458494,0.3282287173253702,92,35,5,14,0.7368421052631579,0.2857142857142857,0.7244094488188977,0.9484536082474226,0.5599999999999998,180.0,0.726027397260274
torch_mlp,ok,5.55,0.2673737373737374,0.7907169498549523,0.28021615341810946,0.4636495194190909,79,48,3,16,0.8421052631578947,0.25,0.6220472440944882,0.9634146341463414,0.5714285714285714,243.0,0.6506849315068494
