model,status,fit_seconds,selected_threshold,roc_auc,average_precision,log_loss,tn,fp,fn,tp,recall,precision,specificity,npv,f_beta,expected_cost,accuracy
hgb,ok,1.863,0.4257575757575757,0.6929133858267716,0.2483981558172837,0.5090802991611131,105,22,10,9,0.47368421052631576,0.2903225806451613,0.8267716535433071,0.9130434782608695,0.42056074766355134,120.0,0.7808219178082192
rf,ok,0.397,0.30696969696969695,0.7650227932034812,0.2651822834222546,0.3511476507923571,103,24,12,7,0.3684210526315789,0.22580645161290322,0.8110236220472441,0.8956521739130435,0.32710280373831774,132.0,0.7534246575342466
lr,ok,0.023,0.3812121212121212,0.7637795275590551,0.23692848832575633,0.5244045488733853,94,33,5,14,0.7368421052631579,0.2978723404255319,0.7401574803149606,0.9494949494949495,0.5691056910569106,170.0,0.7397260273972602
svc,ok,0.061,0.08424242424242423,0.8023207625362618,0.29242568692812576,0.3498897046223831,93,34,4,15,0.7894736842105263,0.30612244897959184,0.7322834645669292,0.9587628865979382,0.6000000000000001,174.0,0.7397260273972602
torch_mlp,ok,5.414,0.2871717171717172,0.7650227932034812,0.2581531547022657,0.4523244518248735,94,33,4,15,0.7894736842105263,0.3125,0.7401574803149606,0.9591836734693877,0.6048387096774193,169.0,0.7465753424657534
