model,status,fit_seconds,accuracy,roc_auc,average_precision,log_loss
hgb,ok,1.376,0.8424657534246576,0.574761399787911,0.18671231685019335,0.43333501722828943
rf,ok,1.788,0.8424657534246576,0.6376811594202898,0.3562059987081902,0.42731742853755617
svc,ok,0.062,0.8356164383561644,0.5924354895722871,0.2897140609572447,0.4225245432286719
torch_mlp,ok,9.358,0.7945205479452054,0.528101802757158,0.18286657144796908,2.1849869549760847
