{
    "selected_threshold": 0.01,
    "roc_auc": 0.709307992202729,
    "average_precision": 0.5558690985933634,
    "log_loss": 0.7421731192937635,
    "tn": 13,
    "fp": 95,
    "fn": 3,
    "tp": 35,
    "recall": 0.9210526315789473,
    "precision": 0.2692307692307692,
    "specificity": 0.12037037037037036,
    "npv": 0.8125,
    "f_beta": 0.6205673758865248,
    "expected_cost": 110.0,
    "threshold_selection": {
        "tn": 16,
        "fp": 69,
        "fn": 3,
        "tp": 28,
        "recall": 0.9032258064516129,
        "precision": 0.28865979381443296,
        "specificity": 0.18823529411764706,
        "npv": 0.8421052631578947,
        "f_beta": 0.6334841628959275,
        "expected_cost": 84.0,
        "threshold": 0.01,
        "meets_recall_constraint": true
    },
    "accuracy": 0.3287671232876712,
    "confusion_matrix": [
        [
            13,
            95
        ],
        [
            3,
            35
        ]
    ],
    "classification_report": {
        "False": {
            "precision": 0.8125,
            "recall": 0.12037037037037036,
            "f1-score": 0.20967741935483872,
            "support": 108.0
        },
        "True": {
            "precision": 0.2692307692307692,
            "recall": 0.9210526315789473,
            "f1-score": 0.4166666666666667,
            "support": 38.0
        },
        "accuracy": 0.3287671232876712,
        "macro avg": {
            "precision": 0.5408653846153846,
            "recall": 0.5207115009746589,
            "f1-score": 0.3131720430107527,
            "support": 146.0
        },
        "weighted avg": {
            "precision": 0.6711011591148577,
            "recall": 0.3287671232876712,
            "f1-score": 0.2635513330387391,
            "support": 146.0
        }
    }
}