{
    "selected_threshold": 0.014949494949494949,
    "roc_auc": 0.6245471014492754,
    "average_precision": 0.12787558167909624,
    "log_loss": 0.23511307544859472,
    "tn": 35,
    "fp": 103,
    "fn": 1,
    "tp": 7,
    "recall": 0.875,
    "precision": 0.06363636363636363,
    "specificity": 0.2536231884057971,
    "npv": 0.9722222222222222,
    "f_beta": 0.24647887323943657,
    "expected_cost": 516.0,
    "threshold_selection": {
        "tn": 38,
        "fp": 72,
        "fn": 0,
        "tp": 6,
        "recall": 1.0,
        "precision": 0.07692307692307693,
        "specificity": 0.34545454545454546,
        "npv": 1.0,
        "f_beta": 0.29411764705882354,
        "expected_cost": 360.0,
        "threshold": 0.014949494949494949,
        "meets_recall_constraint": true
    },
    "accuracy": 0.2876712328767123,
    "confusion_matrix": [
        [
            35,
            103
        ],
        [
            1,
            7
        ]
    ],
    "classification_report": {
        "False": {
            "precision": 0.9722222222222222,
            "recall": 0.2536231884057971,
            "f1-score": 0.40229885057471265,
            "support": 138.0
        },
        "True": {
            "precision": 0.06363636363636363,
            "recall": 0.875,
            "f1-score": 0.11864406779661017,
            "support": 8.0
        },
        "accuracy": 0.2876712328767123,
        "macro avg": {
            "precision": 0.5179292929292929,
            "recall": 0.5643115942028986,
            "f1-score": 0.2604714591856614,
            "support": 146.0
        },
        "weighted avg": {
            "precision": 0.9224366957243668,
            "recall": 0.2876712328767123,
            "f1-score": 0.386756122751255,
            "support": 146.0
        }
    }
}