{
    "threshold": 0.16343434343434343,
    "f_beta": 2.0,
    "fn_cost": 5.0,
    "fp_cost": 1.0,
    "selection_on_validation": {
        "tn": 21,
        "fp": 64,
        "fn": 3,
        "tp": 28,
        "recall": 0.9032258064516129,
        "precision": 0.30434782608695654,
        "specificity": 0.24705882352941178,
        "npv": 0.875,
        "f_beta": 0.6481481481481481,
        "expected_cost": 79.0,
        "threshold": 0.16343434343434343,
        "meets_recall_constraint": true
    }
}