{
    "threshold": 0.10404040404040403,
    "f_beta": 2.0,
    "fn_cost": 5.0,
    "fp_cost": 1.0,
    "selection_on_validation": {
        "tn": 36,
        "fp": 49,
        "fn": 3,
        "tp": 28,
        "recall": 0.9032258064516129,
        "precision": 0.36363636363636365,
        "specificity": 0.4235294117647059,
        "npv": 0.9230769230769231,
        "f_beta": 0.6965174129353234,
        "expected_cost": 64.0,
        "threshold": 0.10404040404040403,
        "meets_recall_constraint": true
    }
}