{
    "threshold": 0.01,
    "f_beta": 2.0,
    "fn_cost": 5.0,
    "fp_cost": 1.0,
    "selection_on_validation": {
        "tn": 16,
        "fp": 83,
        "fn": 1,
        "tp": 16,
        "recall": 0.9411764705882353,
        "precision": 0.16161616161616163,
        "specificity": 0.16161616161616163,
        "npv": 0.9411764705882353,
        "f_beta": 0.4790419161676648,
        "expected_cost": 88.0,
        "threshold": 0.01,
        "meets_recall_constraint": true
    }
}