{
    "hgb": {
        "status": "ok",
        "metric_name": "precision@recall>=0.90",
        "metric_value": 0.08421052631578947,
        "failed_trials": 0,
        "threshold": 0.005,
        "tn": 14,
        "fp": 87,
        "fn": 0,
        "tp": 8,
        "recall": 1.0,
        "precision": 0.08421052631578947,
        "specificity": 0.13861386138613863,
        "npv": 1.0,
        "f_beta": 0.31496062992125984,
        "cost": 87.0,
        "meets_recall_constraint": true,
        "auc_roc": 0.5470297029702971
    },
    "rf": {
        "status": "ok",
        "metric_name": "precision@recall>=0.90",
        "metric_value": 0.1111111111111111,
        "failed_trials": 0,
        "threshold": 0.055,
        "tn": 37,
        "fp": 64,
        "fn": 0,
        "tp": 8,
        "recall": 1.0,
        "precision": 0.1111111111111111,
        "specificity": 0.36633663366336633,
        "npv": 1.0,
        "f_beta": 0.38461538461538464,
        "cost": 64.0,
        "meets_recall_constraint": true,
        "auc_roc": 0.6509900990099009
    },
    "lr": {
        "status": "ok",
        "metric_name": "precision@recall>=0.90",
        "metric_value": 0.1509433962264151,
        "failed_trials": 0,
        "threshold": 0.37,
        "tn": 56,
        "fp": 45,
        "fn": 0,
        "tp": 8,
        "recall": 1.0,
        "precision": 0.1509433962264151,
        "specificity": 0.5544554455445545,
        "npv": 1.0,
        "f_beta": 0.47058823529411764,
        "cost": 45.0,
        "meets_recall_constraint": true,
        "auc_roc": 0.8254950495049506
    },
    "ridge": {
        "status": "invalid_for_task"
    },
    "svc": {
        "status": "ok",
        "metric_name": "precision@recall>=0.90",
        "metric_value": 0.16326530612244897,
        "failed_trials": 0,
        "threshold": 0.08,
        "tn": 60,
        "fp": 41,
        "fn": 0,
        "tp": 8,
        "recall": 1.0,
        "precision": 0.16326530612244897,
        "specificity": 0.594059405940594,
        "npv": 1.0,
        "f_beta": 0.49382716049382713,
        "cost": 41.0,
        "meets_recall_constraint": true,
        "auc_roc": 0.8527227722772277
    },
    "torch_mlp": {
        "status": "ok",
        "metric_name": "precision@recall>=0.90",
        "metric_value": 0.12307692307692308,
        "failed_trials": 0,
        "threshold": 0.32,
        "tn": 44,
        "fp": 57,
        "fn": 0,
        "tp": 8,
        "recall": 1.0,
        "precision": 0.12307692307692308,
        "specificity": 0.43564356435643564,
        "npv": 1.0,
        "f_beta": 0.4123711340206186,
        "cost": 57.0,
        "meets_recall_constraint": true,
        "auc_roc": 0.7747524752475248
    }
}