model,status,fit_seconds,selected_threshold,roc_auc,average_precision,log_loss,tn,fp,fn,tp,recall,precision,specificity,npv,f_beta,expected_cost,accuracy
hgb,ok,2.6,0.01,0.5606884057971014,0.07620634978557851,0.3380024311324305,70,68,3,5,0.625,0.0684931506849315,0.5072463768115942,0.958904109589041,0.23809523809523808,343.0,0.5136986301369864
rf,ok,0.4,0.014949494949494949,0.6245471014492754,0.12787558167909624,0.23511307544859472,35,103,1,7,0.875,0.06363636363636363,0.2536231884057971,0.9722222222222222,0.24647887323943657,516.0,0.2876712328767123
lr,ok,0.02,0.02484848484848485,0.7210144927536232,0.30098710744959517,0.43288193504167655,25,113,0,8,1.0,0.06611570247933884,0.18115942028985507,1.0,0.26143790849673204,565.0,0.22602739726027396
svc,ok,1.145,0.049595959595959596,0.7228260869565217,0.2850936372823649,0.20471990223291878,2,136,0,8,1.0,0.05555555555555555,0.014492753623188406,1.0,0.22727272727272727,680.0,0.0684931506849315
torch_mlp,ok,5.548,0.23767676767676768,0.7237318840579711,0.17783527136975413,0.4982195669588986,32,106,1,7,0.875,0.061946902654867256,0.2318840579710145,0.9696969696969697,0.2413793103448276,531.0,0.2671232876712329
