model,status,fit_seconds,selected_threshold,roc_auc,average_precision,log_loss,tn,fp,fn,tp,recall,precision,specificity,npv,f_beta,expected_cost,accuracy
hgb,ok,2.448,0.09414141414141414,0.6231884057971014,0.08587916659311712,0.2715279478342883,102,36,5,3,0.375,0.07692307692307693,0.7391304347826086,0.9532710280373832,0.21126760563380284,185.0,0.7191780821917808
rf,ok,0.408,0.0198989898989899,0.6693840579710144,0.11047568844519964,0.2151065391981838,2,136,0,8,1.0,0.05555555555555555,0.014492753623188406,1.0,0.22727272727272727,680.0,0.0684931506849315
lr,ok,0.047,0.014949494949494949,0.713768115942029,0.19754592846120267,0.5631698819727724,27,111,1,7,0.875,0.059322033898305086,0.1956521739130435,0.9642857142857143,0.2333333333333333,556.0,0.2328767123287671
svc,ok,4.413,0.06939393939393938,0.3115942028985507,0.042984410017509606,0.21879563026895082,13,125,3,5,0.625,0.038461538461538464,0.09420289855072464,0.8125,0.15432098765432098,628.0,0.1232876712328767
torch_mlp,ok,5.712,0.22777777777777777,0.6820652173913044,0.12075568266066768,0.5142607866431973,24,114,0,8,1.0,0.06557377049180328,0.17391304347826086,1.0,0.25974025974025977,570.0,0.2191780821917808
