{
    "accuracy": 0.7945205479452054,
    "confusion_matrix": [
        [
            113,
            10
        ],
        [
            20,
            3
        ]
    ],
    "classification_report": {
        "False": {
            "precision": 0.849624060150376,
            "recall": 0.9186991869918699,
            "f1-score": 0.8828125,
            "support": 123.0
        },
        "True": {
            "precision": 0.23076923076923078,
            "recall": 0.13043478260869565,
            "f1-score": 0.16666666666666666,
            "support": 23.0
        },
        "accuracy": 0.7945205479452054,
        "macro avg": {
            "precision": 0.5401966454598034,
            "recall": 0.5245669848002827,
            "f1-score": 0.5247395833333334,
            "support": 146.0
        },
        "weighted avg": {
            "precision": 0.7521332308643052,
            "recall": 0.7945205479452054,
            "f1-score": 0.7699950057077625,
            "support": 146.0
        }
    },
    "roc_auc": 0.528101802757158,
    "average_precision": 0.18286657144796908,
    "log_loss": 2.1849869549760847
}