{
    "accuracy": 0.9452054794520548,
    "confusion_matrix": [
        [
            138,
            0
        ],
        [
            8,
            0
        ]
    ],
    "classification_report": {
        "False": {
            "precision": 0.9452054794520548,
            "recall": 1.0,
            "f1-score": 0.971830985915493,
            "support": 138.0
        },
        "True": {
            "precision": 0.0,
            "recall": 0.0,
            "f1-score": 0.0,
            "support": 8.0
        },
        "accuracy": 0.9452054794520548,
        "macro avg": {
            "precision": 0.4726027397260274,
            "recall": 0.5,
            "f1-score": 0.4859154929577465,
            "support": 146.0
        },
        "weighted avg": {
            "precision": 0.8934133983861887,
            "recall": 0.9452054794520548,
            "f1-score": 0.9185799729886167,
            "support": 146.0
        }
    },
    "roc_auc": 0.5715579710144928,
    "average_precision": 0.22753737424107756,
    "log_loss": 0.21419611837048275
}