{
    "threshold": 0.09909090909090908,
    "f_beta": 2.0,
    "fn_cost": 1.0,
    "fp_cost": 5.0,
    "selection_on_validation": {
        "tn": 86,
        "fp": 21,
        "fn": 1,
        "tp": 8,
        "recall": 0.8888888888888888,
        "precision": 0.27586206896551724,
        "specificity": 0.8037383177570093,
        "npv": 0.9885057471264368,
        "f_beta": 0.6153846153846153,
        "expected_cost": 106.0,
        "threshold": 0.09909090909090908,
        "meets_recall_constraint": true
    }
}