{
    "selected_threshold": 0.09909090909090908,
    "roc_auc": 0.8155822627434729,
    "average_precision": 0.32155806486458494,
    "log_loss": 0.3282287173253702,
    "tn": 92,
    "fp": 35,
    "fn": 5,
    "tp": 14,
    "recall": 0.7368421052631579,
    "precision": 0.2857142857142857,
    "specificity": 0.7244094488188977,
    "npv": 0.9484536082474226,
    "f_beta": 0.5599999999999998,
    "expected_cost": 180.0,
    "threshold_selection": {
        "tn": 86,
        "fp": 21,
        "fn": 1,
        "tp": 8,
        "recall": 0.8888888888888888,
        "precision": 0.27586206896551724,
        "specificity": 0.8037383177570093,
        "npv": 0.9885057471264368,
        "f_beta": 0.6153846153846153,
        "expected_cost": 106.0,
        "threshold": 0.09909090909090908,
        "meets_recall_constraint": true
    },
    "accuracy": 0.726027397260274,
    "confusion_matrix": [
        [
            92,
            35
        ],
        [
            5,
            14
        ]
    ],
    "classification_report": {
        "False": {
            "precision": 0.9484536082474226,
            "recall": 0.7244094488188977,
            "f1-score": 0.8214285714285714,
            "support": 127.0
        },
        "True": {
            "precision": 0.2857142857142857,
            "recall": 0.7368421052631579,
            "f1-score": 0.4117647058823529,
            "support": 19.0
        },
        "accuracy": 0.726027397260274,
        "macro avg": {
            "precision": 0.6170839469808542,
            "recall": 0.7306257770410278,
            "f1-score": 0.6165966386554622,
            "support": 146.0
        },
        "weighted avg": {
            "precision": 0.8622067101095487,
            "recall": 0.726027397260274,
            "f1-score": 0.768116150569817,
            "support": 146.0
        }
    }
}