{
    "threshold": 0.18818181818181817,
    "f_beta": 2.0,
    "fn_cost": 5.0,
    "fp_cost": 1.0,
    "selection_on_validation": {
        "tn": 25,
        "fp": 60,
        "fn": 3,
        "tp": 28,
        "recall": 0.9032258064516129,
        "precision": 0.3181818181818182,
        "specificity": 0.29411764705882354,
        "npv": 0.8928571428571429,
        "f_beta": 0.660377358490566,
        "expected_cost": 75.0,
        "threshold": 0.18818181818181817,
        "meets_recall_constraint": true
    }
}