{
    "selected_threshold": 0.014949494949494949,
    "roc_auc": 0.6817738791423001,
    "average_precision": 0.46380596902697047,
    "log_loss": 0.9014937787348727,
    "tn": 42,
    "fp": 66,
    "fn": 7,
    "tp": 31,
    "recall": 0.8157894736842105,
    "precision": 0.31958762886597936,
    "specificity": 0.3888888888888889,
    "npv": 0.8571428571428571,
    "f_beta": 0.6224899598393574,
    "expected_cost": 101.0,
    "threshold_selection": {
        "tn": 34,
        "fp": 51,
        "fn": 5,
        "tp": 26,
        "recall": 0.8387096774193549,
        "precision": 0.33766233766233766,
        "specificity": 0.4,
        "npv": 0.8717948717948718,
        "f_beta": 0.6467661691542288,
        "expected_cost": 76.0,
        "threshold": 0.014949494949494949,
        "meets_recall_constraint": false
    },
    "accuracy": 0.5,
    "confusion_matrix": [
        [
            42,
            66
        ],
        [
            7,
            31
        ]
    ],
    "classification_report": {
        "False": {
            "precision": 0.8571428571428571,
            "recall": 0.3888888888888889,
            "f1-score": 0.535031847133758,
            "support": 108.0
        },
        "True": {
            "precision": 0.31958762886597936,
            "recall": 0.8157894736842105,
            "f1-score": 0.45925925925925926,
            "support": 38.0
        },
        "accuracy": 0.5,
        "macro avg": {
            "precision": 0.5883652430044182,
            "recall": 0.6023391812865497,
            "f1-score": 0.4971455531965086,
            "support": 146.0
        },
        "weighted avg": {
            "precision": 0.7172312223858616,
            "recall": 0.5,
            "f1-score": 0.515310214673272,
            "support": 146.0
        }
    }
}