{
    "threshold": 0.08424242424242423,
    "f_beta": 2.0,
    "fn_cost": 5.0,
    "fp_cost": 1.0,
    "selection_on_validation": {
        "tn": 25,
        "fp": 74,
        "fn": 1,
        "tp": 16,
        "recall": 0.9411764705882353,
        "precision": 0.17777777777777778,
        "specificity": 0.25252525252525254,
        "npv": 0.9615384615384616,
        "f_beta": 0.5063291139240507,
        "expected_cost": 79.0,
        "threshold": 0.08424242424242423,
        "meets_recall_constraint": true
    }
}