{
    "selected_threshold": 0.21787878787878787,
    "roc_auc": 0.7456140350877193,
    "average_precision": 0.4398142417665762,
    "log_loss": 0.5193596568325471,
    "tn": 39,
    "fp": 69,
    "fn": 1,
    "tp": 37,
    "recall": 0.9736842105263158,
    "precision": 0.3490566037735849,
    "specificity": 0.3611111111111111,
    "npv": 0.975,
    "f_beta": 0.7170542635658915,
    "expected_cost": 74.0,
    "threshold_selection": {
        "tn": 36,
        "fp": 49,
        "fn": 3,
        "tp": 28,
        "recall": 0.9032258064516129,
        "precision": 0.36363636363636365,
        "specificity": 0.4235294117647059,
        "npv": 0.9230769230769231,
        "f_beta": 0.6965174129353234,
        "expected_cost": 64.0,
        "threshold": 0.21787878787878787,
        "meets_recall_constraint": true
    },
    "accuracy": 0.5205479452054794,
    "confusion_matrix": [
        [
            39,
            69
        ],
        [
            1,
            37
        ]
    ],
    "classification_report": {
        "False": {
            "precision": 0.975,
            "recall": 0.3611111111111111,
            "f1-score": 0.527027027027027,
            "support": 108.0
        },
        "True": {
            "precision": 0.3490566037735849,
            "recall": 0.9736842105263158,
            "f1-score": 0.5138888888888888,
            "support": 38.0
        },
        "accuracy": 0.5205479452054794,
        "macro avg": {
            "precision": 0.6620283018867924,
            "recall": 0.6673976608187134,
            "f1-score": 0.5204579579579579,
            "support": 146.0
        },
        "weighted avg": {
            "precision": 0.8120832256397001,
            "recall": 0.5205479452054794,
            "f1-score": 0.5236075116212102,
            "support": 146.0
        }
    }
}