{
    "selected_threshold": 0.014949494949494949,
    "roc_auc": 0.7057604641525073,
    "average_precision": 0.2239853145107762,
    "log_loss": 0.45771526616427566,
    "tn": 61,
    "fp": 66,
    "fn": 3,
    "tp": 16,
    "recall": 0.8421052631578947,
    "precision": 0.1951219512195122,
    "specificity": 0.48031496062992124,
    "npv": 0.953125,
    "f_beta": 0.5063291139240506,
    "expected_cost": 81.0,
    "threshold_selection": {
        "tn": 55,
        "fp": 52,
        "fn": 0,
        "tp": 9,
        "recall": 1.0,
        "precision": 0.14754098360655737,
        "specificity": 0.514018691588785,
        "npv": 1.0,
        "f_beta": 0.46391752577319584,
        "expected_cost": 52.0,
        "threshold": 0.014949494949494949,
        "meets_recall_constraint": true
    },
    "accuracy": 0.5273972602739726,
    "confusion_matrix": [
        [
            61,
            66
        ],
        [
            3,
            16
        ]
    ],
    "classification_report": {
        "False": {
            "precision": 0.953125,
            "recall": 0.48031496062992124,
            "f1-score": 0.6387434554973822,
            "support": 127.0
        },
        "True": {
            "precision": 0.1951219512195122,
            "recall": 0.8421052631578947,
            "f1-score": 0.31683168316831684,
            "support": 19.0
        },
        "accuracy": 0.5273972602739726,
        "macro avg": {
            "precision": 0.5741234756097561,
            "recall": 0.661210111893908,
            "f1-score": 0.4777875693328495,
            "support": 146.0
        },
        "weighted avg": {
            "precision": 0.854480767624457,
            "recall": 0.5273972602739726,
            "f1-score": 0.596850827591545,
            "support": 146.0
        }
    }
}