{
    "hgb": {
        "status": "ok",
        "metric_name": "precision@recall>=0.90",
        "metric_value": 0.25396825396825395,
        "failed_trials": 0,
        "threshold": 0.01,
        "tn": 45,
        "fp": 47,
        "fn": 1,
        "tp": 16,
        "recall": 0.9411764705882353,
        "precision": 0.25396825396825395,
        "specificity": 0.4891304347826087,
        "npv": 0.9782608695652174,
        "f_beta": 0.6106870229007634,
        "cost": 52.0,
        "meets_recall_constraint": true,
        "auc_roc": 0.7736572890025575
    },
    "rf": {
        "status": "ok",
        "metric_name": "precision@recall>=0.90",
        "metric_value": 0.4,
        "failed_trials": 0,
        "threshold": 0.09414141414141414,
        "tn": 68,
        "fp": 24,
        "fn": 1,
        "tp": 16,
        "recall": 0.9411764705882353,
        "precision": 0.4,
        "specificity": 0.7391304347826086,
        "npv": 0.9855072463768116,
        "f_beta": 0.7407407407407408,
        "cost": 29.0,
        "meets_recall_constraint": true,
        "auc_roc": 0.8388746803069054
    },
    "lr": {
        "status": "ok",
        "metric_name": "precision@recall>=0.90",
        "metric_value": 0.3076923076923077,
        "failed_trials": 0,
        "threshold": 0.2822222222222222,
        "tn": 56,
        "fp": 36,
        "fn": 1,
        "tp": 16,
        "recall": 0.9411764705882353,
        "precision": 0.3076923076923077,
        "specificity": 0.6086956521739131,
        "npv": 0.9824561403508771,
        "f_beta": 0.6666666666666665,
        "cost": 41.0,
        "meets_recall_constraint": true,
        "auc_roc": 0.789002557544757
    },
    "ridge": {
        "status": "invalid_for_task"
    },
    "svc": {
        "status": "ok",
        "metric_name": "precision@recall>=0.90",
        "metric_value": 0.32,
        "failed_trials": 0,
        "threshold": 0.059494949494949496,
        "tn": 58,
        "fp": 34,
        "fn": 1,
        "tp": 16,
        "recall": 0.9411764705882353,
        "precision": 0.32,
        "specificity": 0.6304347826086957,
        "npv": 0.9830508474576272,
        "f_beta": 0.6779661016949152,
        "cost": 39.0,
        "meets_recall_constraint": true,
        "auc_roc": 0.8017902813299232
    },
    "torch_mlp": {
        "status": "ok",
        "metric_name": "precision@recall>=0.90",
        "metric_value": 0.34782608695652173,
        "failed_trials": 0,
        "threshold": 0.1782828282828283,
        "tn": 62,
        "fp": 30,
        "fn": 1,
        "tp": 16,
        "recall": 0.9411764705882353,
        "precision": 0.34782608695652173,
        "specificity": 0.6739130434782609,
        "npv": 0.9841269841269841,
        "f_beta": 0.7017543859649122,
        "cost": 35.0,
        "meets_recall_constraint": true,
        "auc_roc": 0.829923273657289
    }
}