model,status,fit_seconds,selected_threshold,roc_auc,average_precision,log_loss,tn,fp,fn,tp,recall,precision,specificity,npv,f_beta,expected_cost,accuracy
hgb,ok,2.008,0.10404040404040403,0.642056530214425,0.3853531948557021,0.5588168244713563,21,87,1,37,0.9736842105263158,0.29838709677419356,0.19444444444444445,0.9545454545454546,0.6702898550724639,92.0,0.3972602739726027
lr,ok,0.027,0.16343434343434343,0.6956627680311891,0.4542306560563968,0.5975769645844184,31,77,3,35,0.9210526315789473,0.3125,0.28703703703703703,0.9117647058823529,0.662878787878788,92.0,0.4520547945205479
rf,ok,0.425,0.23272727272727273,0.7448830409356726,0.438613768886738,0.5158562540787401,47,61,4,34,0.8947368421052632,0.35789473684210527,0.4351851851851852,0.9215686274509803,0.6882591093117408,81.0,0.5547945205479452
svc,ok,0.138,0.18323232323232325,0.6466861598440545,0.4323334427933006,0.5442679762816306,38,70,6,32,0.8421052631578947,0.3137254901960784,0.35185185185185186,0.8636363636363636,0.6299212598425197,100.0,0.4794520547945205
torch_mlp,ok,6.02,0.014949494949494949,0.6817738791423001,0.46380596902697047,0.9014937787348727,42,66,7,31,0.8157894736842105,0.31958762886597936,0.3888888888888889,0.8571428571428571,0.6224899598393574,101.0,0.5
