{
    "accuracy": 0.8767123287671232,
    "confusion_matrix": [
        [
            126,
            1
        ],
        [
            17,
            2
        ]
    ],
    "classification_report": {
        "False": {
            "precision": 0.8811188811188811,
            "recall": 0.9921259842519685,
            "f1-score": 0.9333333333333333,
            "support": 127.0
        },
        "True": {
            "precision": 0.6666666666666666,
            "recall": 0.10526315789473684,
            "f1-score": 0.18181818181818182,
            "support": 19.0
        },
        "accuracy": 0.8767123287671232,
        "macro avg": {
            "precision": 0.7738927738927739,
            "recall": 0.5486945710733526,
            "f1-score": 0.5575757575757576,
            "support": 146.0
        },
        "weighted avg": {
            "precision": 0.8532107162244149,
            "recall": 0.8767123287671232,
            "f1-score": 0.8355334163553342,
            "support": 146.0
        }
    },
    "roc_auc": 0.7380853709075839,
    "average_precision": 0.3211873593865826,
    "log_loss": 0.39617788731491976
}