{
    "threshold": 0.049595959595959596,
    "f_beta": 2.0,
    "fn_cost": 5.0,
    "fp_cost": 1.0,
    "selection_on_validation": {
        "tn": 29,
        "fp": 70,
        "fn": 1,
        "tp": 16,
        "recall": 0.9411764705882353,
        "precision": 0.18604651162790697,
        "specificity": 0.29292929292929293,
        "npv": 0.9666666666666667,
        "f_beta": 0.5194805194805194,
        "expected_cost": 75.0,
        "threshold": 0.049595959595959596,
        "meets_recall_constraint": true
    }
}