{
    "threshold": 0.29707070707070704,
    "f_beta": 2.0,
    "fn_cost": 5.0,
    "fp_cost": 1.0,
    "selection_on_validation": {
        "tn": 22,
        "fp": 77,
        "fn": 1,
        "tp": 16,
        "recall": 0.9411764705882353,
        "precision": 0.17204301075268819,
        "specificity": 0.2222222222222222,
        "npv": 0.9565217391304348,
        "f_beta": 0.49689440993788825,
        "expected_cost": 82.0,
        "threshold": 0.29707070707070704,
        "meets_recall_constraint": true
    }
}