{
    "threshold": 0.014949494949494949,
    "f_beta": 2.0,
    "fn_cost": 5.0,
    "fp_cost": 1.0,
    "selection_on_validation": {
        "tn": 20,
        "fp": 79,
        "fn": 3,
        "tp": 14,
        "recall": 0.8235294117647058,
        "precision": 0.15053763440860216,
        "specificity": 0.20202020202020202,
        "npv": 0.8695652173913043,
        "f_beta": 0.43478260869565216,
        "expected_cost": 94.0,
        "threshold": 0.014949494949494949,
        "meets_recall_constraint": false
    }
}