{
    "accuracy": 0.8356164383561644,
    "confusion_matrix": [
        [
            120,
            3
        ],
        [
            21,
            2
        ]
    ],
    "classification_report": {
        "False": {
            "precision": 0.851063829787234,
            "recall": 0.975609756097561,
            "f1-score": 0.9090909090909091,
            "support": 123.0
        },
        "True": {
            "precision": 0.4,
            "recall": 0.08695652173913043,
            "f1-score": 0.14285714285714285,
            "support": 23.0
        },
        "accuracy": 0.8356164383561644,
        "macro avg": {
            "precision": 0.625531914893617,
            "recall": 0.5312831389183457,
            "f1-score": 0.525974025974026,
            "support": 146.0
        },
        "weighted avg": {
            "precision": 0.7800058292043137,
            "recall": 0.8356164383561644,
            "f1-score": 0.7883828500266856,
            "support": 146.0
        }
    },
    "roc_auc": 0.5924354895722871,
    "average_precision": 0.2897140609572447,
    "log_loss": 0.4225245432286719
}