{
    "threshold": 0.4257575757575757,
    "f_beta": 2.0,
    "fn_cost": 1.0,
    "fp_cost": 5.0,
    "selection_on_validation": {
        "tn": 94,
        "fp": 13,
        "fn": 1,
        "tp": 8,
        "recall": 0.8888888888888888,
        "precision": 0.38095238095238093,
        "specificity": 0.8785046728971962,
        "npv": 0.9894736842105263,
        "f_beta": 0.7017543859649122,
        "expected_cost": 66.0,
        "threshold": 0.4257575757575757,
        "meets_recall_constraint": true
    }
}