{
    "threshold": 0.207979797979798,
    "f_beta": 2.0,
    "fn_cost": 1.0,
    "fp_cost": 5.0,
    "selection_on_validation": {
        "tn": 89,
        "fp": 18,
        "fn": 1,
        "tp": 8,
        "recall": 0.8888888888888888,
        "precision": 0.3076923076923077,
        "specificity": 0.8317757009345794,
        "npv": 0.9888888888888889,
        "f_beta": 0.6451612903225806,
        "expected_cost": 91.0,
        "threshold": 0.207979797979798,
        "meets_recall_constraint": true
    }
}