{
    "selected_threshold": 0.4257575757575757,
    "roc_auc": 0.6929133858267716,
    "average_precision": 0.2483981558172837,
    "log_loss": 0.5090802991611131,
    "tn": 105,
    "fp": 22,
    "fn": 10,
    "tp": 9,
    "recall": 0.47368421052631576,
    "precision": 0.2903225806451613,
    "specificity": 0.8267716535433071,
    "npv": 0.9130434782608695,
    "f_beta": 0.42056074766355134,
    "expected_cost": 120.0,
    "threshold_selection": {
        "tn": 94,
        "fp": 13,
        "fn": 1,
        "tp": 8,
        "recall": 0.8888888888888888,
        "precision": 0.38095238095238093,
        "specificity": 0.8785046728971962,
        "npv": 0.9894736842105263,
        "f_beta": 0.7017543859649122,
        "expected_cost": 66.0,
        "threshold": 0.4257575757575757,
        "meets_recall_constraint": true
    },
    "accuracy": 0.7808219178082192,
    "confusion_matrix": [
        [
            105,
            22
        ],
        [
            10,
            9
        ]
    ],
    "classification_report": {
        "False": {
            "precision": 0.9130434782608695,
            "recall": 0.8267716535433071,
            "f1-score": 0.8677685950413223,
            "support": 127.0
        },
        "True": {
            "precision": 0.2903225806451613,
            "recall": 0.47368421052631576,
            "f1-score": 0.36,
            "support": 19.0
        },
        "accuracy": 0.7808219178082192,
        "macro avg": {
            "precision": 0.6016830294530154,
            "recall": 0.6502279320348114,
            "f1-score": 0.6138842975206611,
            "support": 146.0
        },
        "weighted avg": {
            "precision": 0.8320044573382773,
            "recall": 0.7808219178082192,
            "f1-score": 0.801689120344164,
            "support": 146.0
        }
    }
}