{
    "selected_threshold": 0.207979797979798,
    "roc_auc": 0.7128056361375882,
    "average_precision": 0.27746676928631947,
    "log_loss": 0.43525894374957463,
    "tn": 96,
    "fp": 31,
    "fn": 8,
    "tp": 11,
    "recall": 0.5789473684210527,
    "precision": 0.2619047619047619,
    "specificity": 0.7559055118110236,
    "npv": 0.9230769230769231,
    "f_beta": 0.4661016949152542,
    "expected_cost": 163.0,
    "threshold_selection": {
        "tn": 89,
        "fp": 18,
        "fn": 1,
        "tp": 8,
        "recall": 0.8888888888888888,
        "precision": 0.3076923076923077,
        "specificity": 0.8317757009345794,
        "npv": 0.9888888888888889,
        "f_beta": 0.6451612903225806,
        "expected_cost": 91.0,
        "threshold": 0.207979797979798,
        "meets_recall_constraint": true
    },
    "accuracy": 0.7328767123287672,
    "confusion_matrix": [
        [
            96,
            31
        ],
        [
            8,
            11
        ]
    ],
    "classification_report": {
        "False": {
            "precision": 0.9230769230769231,
            "recall": 0.7559055118110236,
            "f1-score": 0.8311688311688312,
            "support": 127.0
        },
        "True": {
            "precision": 0.2619047619047619,
            "recall": 0.5789473684210527,
            "f1-score": 0.36065573770491804,
            "support": 19.0
        },
        "accuracy": 0.7328767123287672,
        "macro avg": {
            "precision": 0.5924908424908425,
            "recall": 0.6674264401160381,
            "f1-score": 0.5959122844368746,
            "support": 146.0
        },
        "weighted avg": {
            "precision": 0.8370339705956146,
            "recall": 0.7328767123287672,
            "f1-score": 0.7699376751701028,
            "support": 146.0
        }
    }
}