{
    "threshold": 0.15353535353535352,
    "f_beta": 2.0,
    "fn_cost": 5.0,
    "fp_cost": 1.0,
    "selection_on_validation": {
        "tn": 29,
        "fp": 56,
        "fn": 3,
        "tp": 28,
        "recall": 0.9032258064516129,
        "precision": 0.3333333333333333,
        "specificity": 0.3411764705882353,
        "npv": 0.90625,
        "f_beta": 0.673076923076923,
        "expected_cost": 71.0,
        "threshold": 0.15353535353535352,
        "meets_recall_constraint": true
    }
}