{
    "threshold": 0.2772727272727273,
    "f_beta": 2.0,
    "fn_cost": 5.0,
    "fp_cost": 1.0,
    "selection_on_validation": {
        "tn": 26,
        "fp": 59,
        "fn": 2,
        "tp": 29,
        "recall": 0.9354838709677419,
        "precision": 0.32954545454545453,
        "specificity": 0.3058823529411765,
        "npv": 0.9285714285714286,
        "f_beta": 0.6839622641509434,
        "expected_cost": 69.0,
        "threshold": 0.2772727272727273,
        "meets_recall_constraint": true
    }
}