{
    "hgb": {
        "status": "ok",
        "metric_name": "precision@recall>=0.90",
        "metric_value": 0.38095238095238093,
        "failed_trials": 0,
        "threshold": 0.005,
        "tn": 66,
        "fp": 26,
        "fn": 1,
        "tp": 16,
        "recall": 0.9411764705882353,
        "precision": 0.38095238095238093,
        "specificity": 0.717391304347826,
        "npv": 0.9850746268656716,
        "f_beta": 0.7272727272727272,
        "cost": 31.0,
        "meets_recall_constraint": true,
        "auc_roc": 0.8177749360613811
    },
    "rf": {
        "status": "ok",
        "metric_name": "precision@recall>=0.90",
        "metric_value": 0.32653061224489793,
        "failed_trials": 0,
        "threshold": 0.115,
        "tn": 59,
        "fp": 33,
        "fn": 1,
        "tp": 16,
        "recall": 0.9411764705882353,
        "precision": 0.32653061224489793,
        "specificity": 0.6413043478260869,
        "npv": 0.9833333333333333,
        "f_beta": 0.6837606837606838,
        "cost": 38.0,
        "meets_recall_constraint": true,
        "auc_roc": 0.8139386189258312
    },
    "lr": {
        "status": "ok",
        "metric_name": "precision@recall>=0.90",
        "metric_value": 0.3333333333333333,
        "failed_trials": 0,
        "threshold": 0.23,
        "tn": 60,
        "fp": 32,
        "fn": 1,
        "tp": 16,
        "recall": 0.9411764705882353,
        "precision": 0.3333333333333333,
        "specificity": 0.6521739130434783,
        "npv": 0.9836065573770492,
        "f_beta": 0.689655172413793,
        "cost": 37.0,
        "meets_recall_constraint": true,
        "auc_roc": 0.801150895140665
    },
    "ridge": {
        "status": "invalid_for_task"
    },
    "svc": {
        "status": "ok",
        "metric_name": "precision@recall>=0.90",
        "metric_value": 0.3333333333333333,
        "failed_trials": 0,
        "threshold": 0.035,
        "tn": 60,
        "fp": 32,
        "fn": 1,
        "tp": 16,
        "recall": 0.9411764705882353,
        "precision": 0.3333333333333333,
        "specificity": 0.6521739130434783,
        "npv": 0.9836065573770492,
        "f_beta": 0.689655172413793,
        "cost": 37.0,
        "meets_recall_constraint": true,
        "auc_roc": 0.8056265984654732
    },
    "torch_mlp": {
        "status": "ok",
        "metric_name": "precision@recall>=0.90",
        "metric_value": 0.2807017543859649,
        "failed_trials": 0,
        "threshold": 0.095,
        "tn": 51,
        "fp": 41,
        "fn": 1,
        "tp": 16,
        "recall": 0.9411764705882353,
        "precision": 0.2807017543859649,
        "specificity": 0.5543478260869565,
        "npv": 0.9807692307692307,
        "f_beta": 0.6399999999999999,
        "cost": 46.0,
        "meets_recall_constraint": true,
        "auc_roc": 0.7781329923273658
    }
}