{
    "threshold": 0.05454545454545454,
    "f_beta": 2.0,
    "fn_cost": 5.0,
    "fp_cost": 1.0,
    "selection_on_validation": {
        "tn": 26,
        "fp": 84,
        "fn": 2,
        "tp": 4,
        "recall": 0.6666666666666666,
        "precision": 0.045454545454545456,
        "specificity": 0.23636363636363636,
        "npv": 0.9285714285714286,
        "f_beta": 0.1785714285714286,
        "expected_cost": 94.0,
        "threshold": 0.05454545454545454,
        "meets_recall_constraint": false
    }
}