{
    "accuracy": 0.7328767123287672,
    "confusion_matrix": [
        [
            83,
            25
        ],
        [
            14,
            24
        ]
    ],
    "classification_report": {
        "False": {
            "precision": 0.8556701030927835,
            "recall": 0.7685185185185185,
            "f1-score": 0.8097560975609757,
            "support": 108.0
        },
        "True": {
            "precision": 0.4897959183673469,
            "recall": 0.631578947368421,
            "f1-score": 0.5517241379310345,
            "support": 38.0
        },
        "accuracy": 0.7328767123287672,
        "macro avg": {
            "precision": 0.6727330107300652,
            "recall": 0.7000487329434697,
            "f1-score": 0.6807401177460051,
            "support": 146.0
        },
        "weighted avg": {
            "precision": 0.7604425755615055,
            "recall": 0.7328767123287672,
            "f1-score": 0.7425970943696211,
            "support": 146.0
        }
    },
    "roc_auc": 0.74317738791423,
    "average_precision": 0.4578197430399983,
    "log_loss": 0.5258545705230956
}