{
    "threshold": 0.14363636363636365,
    "f_beta": 2.0,
    "fn_cost": 5.0,
    "fp_cost": 1.0,
    "selection_on_validation": {
        "tn": 87,
        "fp": 20,
        "fn": 0,
        "tp": 9,
        "recall": 1.0,
        "precision": 0.3103448275862069,
        "specificity": 0.8130841121495327,
        "npv": 1.0,
        "f_beta": 0.6923076923076924,
        "expected_cost": 20.0,
        "threshold": 0.14363636363636365,
        "meets_recall_constraint": true
    }
}