{
    "selected_threshold": 0.14363636363636365,
    "roc_auc": 0.8271860754247824,
    "average_precision": 0.3281060841403971,
    "log_loss": 0.31727068625595506,
    "tn": 89,
    "fp": 38,
    "fn": 5,
    "tp": 14,
    "recall": 0.7368421052631579,
    "precision": 0.2692307692307692,
    "specificity": 0.7007874015748031,
    "npv": 0.9468085106382979,
    "f_beta": 0.546875,
    "expected_cost": 63.0,
    "threshold_selection": {
        "tn": 87,
        "fp": 20,
        "fn": 0,
        "tp": 9,
        "recall": 1.0,
        "precision": 0.3103448275862069,
        "specificity": 0.8130841121495327,
        "npv": 1.0,
        "f_beta": 0.6923076923076924,
        "expected_cost": 20.0,
        "threshold": 0.14363636363636365,
        "meets_recall_constraint": true
    },
    "accuracy": 0.7054794520547946,
    "confusion_matrix": [
        [
            89,
            38
        ],
        [
            5,
            14
        ]
    ],
    "classification_report": {
        "False": {
            "precision": 0.9468085106382979,
            "recall": 0.7007874015748031,
            "f1-score": 0.8054298642533937,
            "support": 127.0
        },
        "True": {
            "precision": 0.2692307692307692,
            "recall": 0.7368421052631579,
            "f1-score": 0.39436619718309857,
            "support": 19.0
        },
        "accuracy": 0.7054794520547946,
        "macro avg": {
            "precision": 0.6080196399345336,
            "recall": 0.7188147534189805,
            "f1-score": 0.5998980307182461,
            "support": 146.0
        },
        "weighted avg": {
            "precision": 0.8586305853866332,
            "recall": 0.7054794520547946,
            "f1-score": 0.7519352774428758,
            "support": 146.0
        }
    }
}