{
    "threshold": 0.18323232323232325,
    "f_beta": 2.0,
    "fn_cost": 1.0,
    "fp_cost": 5.0,
    "selection_on_validation": {
        "tn": 4,
        "fp": 95,
        "fn": 0,
        "tp": 17,
        "recall": 1.0,
        "precision": 0.15178571428571427,
        "specificity": 0.04040404040404041,
        "npv": 1.0,
        "f_beta": 0.4722222222222222,
        "expected_cost": 475.0,
        "threshold": 0.18323232323232325,
        "meets_recall_constraint": true
    }
}