{
    "threshold": 0.16343434343434343,
    "f_beta": 2.0,
    "fn_cost": 1.0,
    "fp_cost": 5.0,
    "selection_on_validation": {
        "tn": 18,
        "fp": 81,
        "fn": 3,
        "tp": 14,
        "recall": 0.8235294117647058,
        "precision": 0.14736842105263157,
        "specificity": 0.18181818181818182,
        "npv": 0.8571428571428571,
        "f_beta": 0.4294478527607362,
        "expected_cost": 408.0,
        "threshold": 0.16343434343434343,
        "meets_recall_constraint": true
    }
}