{
    "selected_threshold": 0.18323232323232325,
    "roc_auc": 0.6903499469777306,
    "average_precision": 0.2797017223291957,
    "log_loss": 0.5543708004584212,
    "tn": 4,
    "fp": 119,
    "fn": 1,
    "tp": 22,
    "recall": 0.9565217391304348,
    "precision": 0.15602836879432624,
    "specificity": 0.032520325203252036,
    "npv": 0.8,
    "f_beta": 0.47210300429184554,
    "expected_cost": 596.0,
    "threshold_selection": {
        "tn": 4,
        "fp": 95,
        "fn": 0,
        "tp": 17,
        "recall": 1.0,
        "precision": 0.15178571428571427,
        "specificity": 0.04040404040404041,
        "npv": 1.0,
        "f_beta": 0.4722222222222222,
        "expected_cost": 475.0,
        "threshold": 0.18323232323232325,
        "meets_recall_constraint": true
    },
    "accuracy": 0.1780821917808219,
    "confusion_matrix": [
        [
            4,
            119
        ],
        [
            1,
            22
        ]
    ],
    "classification_report": {
        "False": {
            "precision": 0.8,
            "recall": 0.032520325203252036,
            "f1-score": 0.0625,
            "support": 123.0
        },
        "True": {
            "precision": 0.15602836879432624,
            "recall": 0.9565217391304348,
            "f1-score": 0.2682926829268293,
            "support": 23.0
        },
        "accuracy": 0.1780821917808219,
        "macro avg": {
            "precision": 0.47801418439716314,
            "recall": 0.4945210321668434,
            "f1-score": 0.16539634146341464,
            "support": 146.0
        },
        "weighted avg": {
            "precision": 0.69855241426212,
            "recall": 0.1780821917808219,
            "f1-score": 0.0949193952555964,
            "support": 146.0
        }
    }
}