model,status,fit_seconds,accuracy,roc_auc,average_precision,log_loss
hgb,ok,1.45,0.8767123287671232,0.7380853709075839,0.3211873593865826,0.39617788731491976
rf,ok,1.799,0.8698630136986302,0.7716535433070866,0.25921122494177506,0.3396446754167706
svc,ok,0.053,0.863013698630137,0.7235806050559469,0.23840213266914684,0.3641238235517611
torch_mlp,ok,9.813,0.8561643835616438,0.7617074181516784,0.29334668558555166,1.3502255510766545
