{
    "selected_threshold": 0.08424242424242423,
    "roc_auc": 0.6086956521739131,
    "average_precision": 0.13123232792236725,
    "log_loss": 0.23149503316367037,
    "tn": 58,
    "fp": 80,
    "fn": 3,
    "tp": 5,
    "recall": 0.625,
    "precision": 0.058823529411764705,
    "specificity": 0.42028985507246375,
    "npv": 0.9508196721311475,
    "f_beta": 0.21367521367521367,
    "expected_cost": 95.0,
    "threshold_selection": {
        "tn": 49,
        "fp": 61,
        "fn": 0,
        "tp": 6,
        "recall": 1.0,
        "precision": 0.08955223880597014,
        "specificity": 0.44545454545454544,
        "npv": 1.0,
        "f_beta": 0.32967032967032966,
        "expected_cost": 61.0,
        "threshold": 0.08424242424242423,
        "meets_recall_constraint": true
    },
    "accuracy": 0.4315068493150685,
    "confusion_matrix": [
        [
            58,
            80
        ],
        [
            3,
            5
        ]
    ],
    "classification_report": {
        "False": {
            "precision": 0.9508196721311475,
            "recall": 0.42028985507246375,
            "f1-score": 0.5829145728643216,
            "support": 138.0
        },
        "True": {
            "precision": 0.058823529411764705,
            "recall": 0.625,
            "f1-score": 0.10752688172043011,
            "support": 8.0
        },
        "accuracy": 0.4315068493150685,
        "macro avg": {
            "precision": 0.5048216007714561,
            "recall": 0.5226449275362319,
            "f1-score": 0.34522072729237585,
            "support": 146.0
        },
        "weighted avg": {
            "precision": 0.9019431711602223,
            "recall": 0.4315068493150685,
            "f1-score": 0.5568659322536974,
            "support": 146.0
        }
    }
}