model,status,fit_seconds,accuracy,roc_auc,average_precision,log_loss
hgb,ok,1.443,0.9452054794520548,0.6521739130434783,0.1200597840190267,0.21193840987436743
rf,ok,1.758,0.9452054794520548,0.5715579710144928,0.22753737424107756,0.21419611837048275
svc,ok,0.053,0.9452054794520548,0.6865942028985507,0.23065360133712337,0.20235142973088224
torch_mlp,ok,9.149,0.9452054794520548,0.7590579710144927,0.25350590016708435,0.7023414751922381
