{
    "threshold": 0.03474747474747475,
    "f_beta": 2.0,
    "fn_cost": 5.0,
    "fp_cost": 1.0,
    "selection_on_validation": {
        "tn": 8,
        "fp": 99,
        "fn": 0,
        "tp": 9,
        "recall": 1.0,
        "precision": 0.08333333333333333,
        "specificity": 0.07476635514018691,
        "npv": 1.0,
        "f_beta": 0.3125,
        "expected_cost": 99.0,
        "threshold": 0.03474747474747475,
        "meets_recall_constraint": true
    }
}