{
    "threshold": 0.014949494949494949,
    "f_beta": 2.0,
    "fn_cost": 5.0,
    "fp_cost": 1.0,
    "selection_on_validation": {
        "tn": 7,
        "fp": 103,
        "fn": 0,
        "tp": 6,
        "recall": 1.0,
        "precision": 0.05504587155963303,
        "specificity": 0.06363636363636363,
        "npv": 1.0,
        "f_beta": 0.2255639097744361,
        "expected_cost": 103.0,
        "threshold": 0.014949494949494949,
        "meets_recall_constraint": true
    }
}