{
    "selected_threshold": 0.01,
    "roc_auc": 0.5443840579710145,
    "average_precision": 0.1364596733298284,
    "log_loss": 0.35334027796201595,
    "tn": 11,
    "fp": 127,
    "fn": 1,
    "tp": 7,
    "recall": 0.875,
    "precision": 0.05223880597014925,
    "specificity": 0.07971014492753623,
    "npv": 0.9166666666666666,
    "f_beta": 0.2108433734939759,
    "expected_cost": 132.0,
    "threshold_selection": {
        "tn": 5,
        "fp": 105,
        "fn": 0,
        "tp": 6,
        "recall": 1.0,
        "precision": 0.05405405405405406,
        "specificity": 0.045454545454545456,
        "npv": 1.0,
        "f_beta": 0.22222222222222224,
        "expected_cost": 105.0,
        "threshold": 0.01,
        "meets_recall_constraint": true
    },
    "accuracy": 0.1232876712328767,
    "confusion_matrix": [
        [
            11,
            127
        ],
        [
            1,
            7
        ]
    ],
    "classification_report": {
        "False": {
            "precision": 0.9166666666666666,
            "recall": 0.07971014492753623,
            "f1-score": 0.14666666666666667,
            "support": 138.0
        },
        "True": {
            "precision": 0.05223880597014925,
            "recall": 0.875,
            "f1-score": 0.09859154929577464,
            "support": 8.0
        },
        "accuracy": 0.1232876712328767,
        "macro avg": {
            "precision": 0.48445273631840796,
            "recall": 0.4773550724637681,
            "f1-score": 0.12262910798122065,
            "support": 146.0
        },
        "weighted avg": {
            "precision": 0.869300756491515,
            "recall": 0.1232876712328767,
            "f1-score": 0.14403241366004244,
            "support": 146.0
        }
    }
}