model,status,fit_seconds,selected_threshold,roc_auc,average_precision,log_loss,tn,fp,fn,tp,recall,precision,specificity,npv,f_beta,expected_cost,accuracy
hgb,ok,3.385,0.02484848484848485,0.7380853709075839,0.28429754957155606,0.46462866754660903,52,75,3,16,0.8421052631578947,0.17582417582417584,0.4094488188976378,0.9454545454545454,0.47904191616766467,90.0,0.4657534246575342
rf,ok,0.693,0.14363636363636365,0.8271860754247824,0.3281060841403971,0.31727068625595506,89,38,5,14,0.7368421052631579,0.2692307692307692,0.7007874015748031,0.9468085106382979,0.546875,63.0,0.7054794520547946
lr,ok,0.019,0.26242424242424245,0.8006630750103605,0.29784234887891103,0.5293404745104011,47,80,0,19,1.0,0.1919191919191919,0.3700787401574803,1.0,0.5428571428571428,80.0,0.4520547945205479
svc,ok,0.063,0.03474747474747475,0.7617074181516784,0.3303617967673659,0.3529029480624881,5,122,0,19,1.0,0.1347517730496454,0.03937007874015748,1.0,0.4377880184331797,122.0,0.1643835616438356
torch_mlp,ok,6.633,0.20303030303030303,0.8180687940323249,0.31507342421292517,0.44634707173334826,67,60,1,18,0.9473684210526315,0.23076923076923078,0.5275590551181102,0.9852941176470589,0.5844155844155844,65.0,0.5821917808219178
