{
    "threshold": 0.16343434343434343,
    "f_beta": 2.0,
    "fn_cost": 5.0,
    "fp_cost": 1.0,
    "selection_on_validation": {
        "tn": 24,
        "fp": 61,
        "fn": 2,
        "tp": 29,
        "recall": 0.9354838709677419,
        "precision": 0.32222222222222224,
        "specificity": 0.2823529411764706,
        "npv": 0.9230769230769231,
        "f_beta": 0.677570093457944,
        "expected_cost": 71.0,
        "threshold": 0.16343434343434343,
        "meets_recall_constraint": true
    }
}