{
    "selected_threshold": 0.16343434343434343,
    "roc_auc": 0.7307504873294347,
    "average_precision": 0.5003995972625248,
    "log_loss": 0.5114440067526725,
    "tn": 28,
    "fp": 80,
    "fn": 1,
    "tp": 37,
    "recall": 0.9736842105263158,
    "precision": 0.3162393162393162,
    "specificity": 0.25925925925925924,
    "npv": 0.9655172413793104,
    "f_beta": 0.6877323420074349,
    "expected_cost": 85.0,
    "threshold_selection": {
        "tn": 24,
        "fp": 61,
        "fn": 2,
        "tp": 29,
        "recall": 0.9354838709677419,
        "precision": 0.32222222222222224,
        "specificity": 0.2823529411764706,
        "npv": 0.9230769230769231,
        "f_beta": 0.677570093457944,
        "expected_cost": 71.0,
        "threshold": 0.16343434343434343,
        "meets_recall_constraint": true
    },
    "accuracy": 0.4452054794520548,
    "confusion_matrix": [
        [
            28,
            80
        ],
        [
            1,
            37
        ]
    ],
    "classification_report": {
        "False": {
            "precision": 0.9655172413793104,
            "recall": 0.25925925925925924,
            "f1-score": 0.40875912408759124,
            "support": 108.0
        },
        "True": {
            "precision": 0.3162393162393162,
            "recall": 0.9736842105263158,
            "f1-score": 0.4774193548387097,
            "support": 38.0
        },
        "accuracy": 0.4452054794520548,
        "macro avg": {
            "precision": 0.6408782788093133,
            "recall": 0.6164717348927875,
            "f1-score": 0.4430892394631505,
            "support": 146.0
        },
        "weighted avg": {
            "precision": 0.7965270964798599,
            "recall": 0.4452054794520548,
            "f1-score": 0.42662959510500564,
            "support": 146.0
        }
    }
}