{
    "threshold": 0.1386868686868687,
    "f_beta": 2.0,
    "fn_cost": 1.0,
    "fp_cost": 5.0,
    "selection_on_validation": {
        "tn": 23,
        "fp": 76,
        "fn": 0,
        "tp": 17,
        "recall": 1.0,
        "precision": 0.1827956989247312,
        "specificity": 0.23232323232323232,
        "npv": 1.0,
        "f_beta": 0.5279503105590062,
        "expected_cost": 380.0,
        "threshold": 0.1386868686868687,
        "meets_recall_constraint": true
    }
}