{
    "selected_threshold": 0.1386868686868687,
    "roc_auc": 0.7271120537292329,
    "average_precision": 0.36964570274889225,
    "log_loss": 0.5392663326733877,
    "tn": 17,
    "fp": 106,
    "fn": 2,
    "tp": 21,
    "recall": 0.9130434782608695,
    "precision": 0.16535433070866143,
    "specificity": 0.13821138211382114,
    "npv": 0.8947368421052632,
    "f_beta": 0.4794520547945206,
    "expected_cost": 532.0,
    "threshold_selection": {
        "tn": 23,
        "fp": 76,
        "fn": 0,
        "tp": 17,
        "recall": 1.0,
        "precision": 0.1827956989247312,
        "specificity": 0.23232323232323232,
        "npv": 1.0,
        "f_beta": 0.5279503105590062,
        "expected_cost": 380.0,
        "threshold": 0.1386868686868687,
        "meets_recall_constraint": true
    },
    "accuracy": 0.2602739726027397,
    "confusion_matrix": [
        [
            17,
            106
        ],
        [
            2,
            21
        ]
    ],
    "classification_report": {
        "False": {
            "precision": 0.8947368421052632,
            "recall": 0.13821138211382114,
            "f1-score": 0.23943661971830985,
            "support": 123.0
        },
        "True": {
            "precision": 0.16535433070866143,
            "recall": 0.9130434782608695,
            "f1-score": 0.28,
            "support": 23.0
        },
        "accuracy": 0.2602739726027397,
        "macro avg": {
            "precision": 0.5300455864069623,
            "recall": 0.5256274301873454,
            "f1-score": 0.25971830985915495,
            "support": 146.0
        },
        "weighted avg": {
            "precision": 0.7798341177071684,
            "recall": 0.2602739726027397,
            "f1-score": 0.245826741269535,
            "support": 146.0
        }
    }
}